algo,seed,update,episode,train_reward,train_objective,train_feasible_rate,train_min_sinr_db,actor_loss,critic_loss,entropy,alpha_entropy,approx_kl,clip_fraction,grad_norm,update_time_sec
ppo,1,1,256,-12852.64663512443,1288.0253668376417,0.0,-15.620571726037515,0.04641992459073663,54059420.0,0.7189823389053345,0.001,0.06456727534532547,0.4267578125,69554.947265625,10.31441479397472
ppo,1,2,512,-12789.817808555052,1260.1132791934422,0.0,-15.558228583911418,0.00026594556402415037,54021545.5,0.719043105840683,0.001,0.07043083943426609,0.46826171875,65666.86376953125,9.758776444941759
ppo,1,3,768,-12798.678435573163,1271.0967845989046,0.0,-15.605090887473132,0.0062352932873182,53366508.0,0.7190636694431305,0.001,0.07380245067179203,0.451904296875,64473.78173828125,9.656790783978067
ppo,1,4,1024,-13078.06522277065,1306.3155231935882,0.0,-15.975889127550639,0.02303430309984833,55405080.0,0.7190981507301331,0.001,0.0984707735478878,0.50439453125,60611.55029296875,9.661062804982066
ppo,1,5,1280,-13167.517843739804,1328.9425064011084,0.0,-16.703990398193696,0.03750605881214142,57722248.0,0.7191415280103683,0.001,0.05293113738298416,0.369140625,62873.8994140625,9.578675355995074
ppo,1,6,1536,-12954.187709352924,1282.1799942812506,0.0,-15.62819132273704,0.035233236849308014,55487024.0,0.7191783785820007,0.001,0.055401213467121124,0.39892578125,63531.603515625,9.7138234609738
ppo,1,7,1792,-13172.587023494778,1322.322650386675,0.0,-16.12519854873315,0.04070771229453385,57732578.0,0.719197541475296,0.001,0.06532585993409157,0.4404296875,66902.7265625,9.650791589054279
ppo,1,8,2048,-12563.816660378068,1259.633994039273,0.0,-15.393538510144193,0.039663199335336685,52717047.0,0.7192260473966599,0.001,0.07494755834341049,0.4150390625,65724.09765625,9.610774143016897
ppo,1,9,2304,-13393.30638574919,1365.204214123839,0.0,-16.617792695753646,0.045615526381880045,60298538.0,0.7192578613758087,0.001,0.06664639711380005,0.42919921875,72406.40625,9.658283928991295
ppo,1,10,2560,-12787.24432541626,1268.6982927061465,0.0,-15.609777356782233,0.04981576115824282,53644027.0,0.7192728891968727,0.001,0.1390502229332924,0.590576171875,70332.640625,9.626308173057623
ppo,1,11,2816,-12756.28655691207,1294.6221513187597,0.0,-15.852396690069206,0.04001917131245136,54081739.0,0.719272568821907,0.001,0.057576850056648254,0.39453125,72223.380859375,9.519481010036543
ppo,1,12,3072,-12994.176115559765,1300.1118657028737,0.0,-15.85647087448404,0.04559461399912834,55131672.0,0.7192645370960236,0.001,0.056743938475847244,0.439453125,74068.080078125,9.514373140991665
ppo,1,13,3328,-12950.13005802597,1290.7094913261274,0.0,-15.819517677141992,0.04213721526321024,55590734.5,0.7192520424723625,0.001,0.17314925231039524,0.612060546875,74444.4189453125,9.523137672920711
ppo,1,14,3584,-12436.72271818807,1249.2054321197138,0.0,-15.40490814546274,0.03782673476962373,50679450.5,0.719243697822094,0.001,0.15394826047122478,0.597412109375,72361.5263671875,9.53474938904401
ppo,1,15,3840,-12916.06279784586,1290.3096662622825,0.0,-15.75194553660389,0.043703290866687894,54771626.5,0.7192655876278877,0.001,0.1635740101337433,0.589599609375,75508.654296875,9.550063521019183
ppo,1,16,4096,-12708.679280645843,1257.7860063979301,0.0,-15.514090935999679,0.032208186108618975,52935686.0,0.7192844152450562,0.001,0.05305829644203186,0.40771484375,74387.345703125,9.526675309054554
ppo,1,17,4352,-13036.638601717234,1281.2000275836767,0.0,-15.995538706228038,0.03866622410714626,55049997.0,0.719274640083313,0.001,0.06206429749727249,0.39990234375,76257.126953125,9.550701585016213
ppo,1,18,4608,-12715.401746067433,1263.3773612580903,0.0,-15.528444636265819,0.05897150095552206,53269081.0,0.7192700952291489,0.001,0.08237140998244286,0.45654296875,74613.83984375,9.623874866985716
ppo,1,19,4864,-12881.407531228804,1263.3179514921003,0.0,-15.541528541781439,0.048893018858507276,54089452.0,0.7192834615707397,0.001,0.07604916021227837,0.44189453125,75578.634765625,9.586544319055974
ppo,1,20,5120,-12738.048871350267,1264.252111871955,0.0,-15.532295683934795,0.03733709268271923,52835628.0,0.7193106561899185,0.001,0.06621533259749413,0.41943359375,75017.76171875,9.57524574897252
ppo,1,21,5376,-12424.473276505916,1218.7496482507086,0.0,-15.038494774717933,0.05067958612926304,50327752.5,0.7193621769547462,0.001,0.16592517122626305,0.612060546875,73000.3017578125,9.601417448022403
ppo,1,22,5632,-12885.901691688687,1262.7104369048343,0.0,-15.647748549637647,0.04117462271824479,53742903.0,0.7194190919399261,0.001,0.06634100154042244,0.39990234375,75846.865234375,9.611218636040576
ppo,1,23,5888,-12746.20595107101,1255.2286732512005,0.0,-15.38293613888251,0.029584538657218218,52965886.0,0.7194513529539108,0.001,0.07245589420199394,0.4140625,75241.029296875,9.604046583990566
ppo,1,24,6144,-12751.014952385725,1269.0262647977888,0.0,-15.637728412371903,0.03708056127652526,52408036.0,0.7194683104753494,0.001,0.06001594290137291,0.4248046875,75391.91015625,9.545118398033082
ppo,1,25,6400,-12518.23745741998,1258.3458131838363,0.0,-15.56882140658455,0.042989146895706654,51368147.0,0.7194874808192253,0.001,0.12379825301468372,0.568603515625,74502.373046875,9.6377671220107
ppo,1,26,6656,-13256.789916971575,1305.15053690067,0.0,-15.767355196919679,0.03425319539383054,57162447.5,0.7194916978478432,0.001,0.12149042822420597,0.540283203125,78463.291015625,9.639404990011826
ppo,1,27,6912,-13128.70594462765,1285.2227916615043,0.0,-15.945063069618476,0.034460305818356574,55719292.0,0.7195453867316246,0.001,0.12887959741055965,0.572509765625,77629.8935546875,9.56262174306903
ppo,1,28,7168,-12507.159390734285,1222.5879007259155,0.0,-15.097594441670877,0.03260822989977896,50987787.0,0.7196142971515656,0.001,0.13869327493011951,0.556640625,74019.669921875,9.642321808962151
ppo,1,29,7424,-12581.71321809253,1240.9409600558138,0.0,-15.403418664565182,0.038403586484491825,51831013.5,0.7196771129965782,0.001,0.15125420317053795,0.57470703125,74498.94140625,9.644357640994713
ppo,1,30,7680,-13026.54568166433,1274.1763139864695,0.0,-15.654786715047877,0.041517267120070755,55243055.5,0.7197281941771507,0.001,0.1465145219117403,0.588134765625,76865.1708984375,9.529602484079078
ppo,1,31,7936,-12517.980603007656,1251.6905002131912,0.0,-15.5835671263495,0.04473789338953793,51276967.0,0.7197494655847549,0.001,0.0671309120953083,0.40234375,74713.79296875,9.544185503968038
ppo,1,32,8192,-12729.274044644513,1259.7076644822523,0.0,-15.675008771219108,0.04359713359735906,52079169.0,0.7198019325733185,0.001,0.13353409431874752,0.591796875,75640.4736328125,9.595216667978093
ppo,1,33,8448,-12896.126649580594,1272.0066073518897,0.0,-15.669186084367704,0.044387680012732744,54100967.0,0.7198704481124878,0.001,0.054190002381801605,0.4091796875,76727.48046875,9.623926130007021
ppo,1,34,8704,-12703.564292196521,1263.4634564528758,0.0,-15.779665467099846,0.03642027918249369,51669281.0,0.7199082523584366,0.001,0.062225524336099625,0.396484375,75662.49609375,9.541659771930426
ppo,1,35,8960,-12916.020627455173,1294.519065433527,0.0,-15.947941396336434,0.03982837684452534,54918369.0,0.7199392914772034,0.001,0.06355191022157669,0.40673828125,77159.888671875,9.537858825060539
ppo,1,36,9216,-13018.518314060035,1283.0102047230384,0.0,-15.787285896731703,0.046268667094409466,55457784.0,0.7199588268995285,0.001,0.06890930980443954,0.42333984375,77572.9765625,9.544614318059757
ppo,1,37,9472,-12440.824071548781,1260.0883884535106,0.0,-15.602236197766654,0.04207149939611554,51337118.0,0.7199759483337402,0.001,0.06618843600153923,0.43408203125,74611.044921875,9.621480677044019
ppo,1,38,9728,-13217.281840062,1316.274475855375,0.0,-16.062935171562096,0.04373559053055942,56682713.0,0.7200004979968071,0.001,0.15581900626420975,0.583251953125,78807.904296875,9.575986301992089
ppo,1,39,9984,-12828.840117936157,1256.3541928216557,0.0,-15.553796147496834,0.030130353290587664,54067631.0,0.720026284456253,0.001,0.05487779900431633,0.3955078125,76423.72265625,9.593206994002685
ppo,1,40,10240,-12311.098884990106,1211.8451639487582,0.0,-14.880310953494856,0.0511845633154735,49600312.5,0.7200089618563652,0.001,0.15030467323958874,0.603759765625,73302.9462890625,9.585750666912645
ppo,1,41,10496,-12669.224893595632,1249.2387325419345,0.0,-15.483579026500575,0.03784514032304287,51590592.0,0.7200008183717728,0.001,0.059318430721759796,0.41552734375,75252.787109375,9.537416397011839
ppo,1,42,10752,-13105.378731093188,1286.4420044918538,0.0,-15.870449410220296,0.034768019802868366,55597303.0,0.7200065404176712,0.001,0.06507442146539688,0.419921875,77876.728515625,9.52379609097261
ppo,1,43,11008,-12611.861545258886,1244.8779361011593,0.0,-15.408856167006176,0.03756871190853417,51694854.5,0.7200134769082069,0.001,0.16354208625853062,0.60009765625,75158.486328125,9.611818784032948
ppo,1,44,11264,-13272.432525818807,1311.7368361616086,0.0,-15.992736855084203,0.0294932855758816,58234287.0,0.7200118750333786,0.001,0.05574582889676094,0.3720703125,79236.609375,9.508708305074833
ppo,1,45,11520,-13476.377995901888,1343.2835124502644,0.0,-16.717174736522857,0.033582291565835476,60206182.0,0.7200225591659546,0.001,0.06687887012958527,0.4052734375,80530.16796875,9.510011696023867
ppo,1,46,11776,-12514.12383484279,1247.1299865226551,0.0,-15.582690513787071,0.04045062221121043,50569298.5,0.7200511544942856,0.001,0.14302888698875904,0.591064453125,74706.4951171875,9.639210531953722
ppo,1,47,12032,-12804.174126031368,1260.350624674416,0.0,-15.579597936361857,0.04528233804740012,53075439.5,0.7201065719127655,0.001,0.12492460943758488,0.5712890625,76198.607421875,9.612198992981575
ppo,1,48,12288,-12687.67169312307,1234.0996038134856,0.0,-15.241142513230688,0.042845760472118855,51517036.5,0.7201849520206451,0.001,0.1404637936502695,0.574951171875,75208.638671875,9.588014618027955
ppo,1,49,12544,-12982.684330419399,1270.654655915148,0.0,-15.532291857814855,0.031554463086649776,55025300.0,0.720255970954895,0.001,0.11677976697683334,0.553955078125,77304.1806640625,9.621579785016365
ppo,1,50,12800,-12889.043637282706,1265.3259248976049,0.0,-15.552999330211904,0.035745975095778704,54143564.0,0.7203266471624374,0.001,0.13510576076805592,0.565185546875,76780.33984375,9.588799699093215
ppo,1,51,13056,-12369.927466571138,1194.9056211335371,0.0,-14.689270993084433,0.021083425963297486,49687194.5,0.720371775329113,0.001,0.1648513562977314,0.5712890625,73251.296875,9.64903972495813
ppo,1,52,13312,-12566.898394011789,1253.5140709951784,0.0,-15.614743616230971,0.03562203235924244,51707356.0,0.7204029485583305,0.001,0.10992468893527985,0.551513671875,74860.232421875,9.63015201606322
ppo,1,53,13568,-12562.529567930134,1227.0286270782249,0.0,-15.151384181575928,0.040713503025472164,51951679.0,0.7204121947288513,0.001,0.13408804312348366,0.558837890625,74842.2294921875,9.617004101048224
ppo,1,54,13824,-12412.300449836064,1195.2617990163756,0.0,-14.827013183430594,0.03040302696172148,49458244.5,0.7204315960407257,0.001,0.14202427119016647,0.580810546875,73475.607421875,9.70101528300438
ppo,1,55,14080,-12687.639891965217,1258.9633944321633,0.0,-15.594149196548937,0.03488173894584179,51852730.5,0.7204116061329842,0.001,0.14184015803039074,0.56103515625,75701.5166015625,9.59586010593921
ppo,1,56,14336,-12552.90363012797,1251.8541116219233,0.0,-15.619289068756132,0.0479092332534492,50678154.5,0.7203618064522743,0.001,0.09566691517829895,0.54296875,74965.2841796875,9.609607383026741
ppo,1,57,14592,-12734.407836860779,1242.1274129541457,0.0,-15.203242672210603,0.031980265863239765,52266479.5,0.7203522846102715,0.001,0.13236527144908905,0.55712890625,75374.1875,9.598227754002437
ppo,1,58,14848,-12396.049367666543,1202.4914871687165,0.0,-14.740328401051356,0.03525348170660436,50374654.0,0.7204202711582184,0.001,0.12031184136867523,0.56689453125,73661.2578125,9.614661050960422
ppo,1,59,15104,-12805.35255174645,1243.606358723903,0.0,-15.44587075289742,0.035835384391248226,52991804.5,0.7205272987484932,0.001,0.13914376497268677,0.577392578125,75970.9296875,9.577561490004882
ppo,1,60,15360,-12987.654464637317,1284.7238795051621,0.0,-15.846551974041642,0.028688698075711727,54197969.5,0.7205760106444359,0.001,0.11482036113739014,0.546142578125,77249.49609375,9.730903189978562
ppo,1,61,15616,-12849.678706960816,1255.9142158270988,0.0,-15.602960703311886,0.03436644095927477,53760344.5,0.7206189408898354,0.001,0.131784126162529,0.568115234375,76406.5400390625,9.502645118976943
ppo,1,62,15872,-12560.861433284277,1244.3439380204227,0.0,-15.44712004484348,0.034464094787836075,51251142.0,0.7206405699253082,0.001,0.051014840602874756,0.37841796875,74891.337890625,9.437961594085209
ppo,1,63,16128,-13182.633004452156,1311.636491627106,0.0,-16.287457633155515,0.03536744695156813,56791458.5,0.7206549420952797,0.001,0.13536353781819344,0.56591796875,78946.34375,9.505385924945585
ppo,1,64,16384,-12811.298640544392,1239.2016257905784,0.0,-15.280577969466991,0.0405916937161237,52378159.0,0.720654159784317,0.001,0.11320116370916367,0.54638671875,75873.8837890625,9.459531589993276
ppo,1,65,16640,-12607.199523401872,1276.9383513925222,0.0,-15.815256681891762,0.033265449572354555,52341051.0,0.7206195592880249,0.001,0.11456504091620445,0.5693359375,75860.3935546875,9.513389403000474
ppo,1,66,16896,-12841.119272294494,1258.1623698872113,0.0,-15.426586763686048,0.032570766750723124,54017054.5,0.7206338867545128,0.001,0.13852858915925026,0.5771484375,76554.955078125,9.956998349050991
ppo,1,67,17152,-11916.80101985117,1167.5301777460654,0.0,-14.397345123009083,0.03206430410500616,46043720.5,0.7206855118274689,0.001,0.13605608977377415,0.578857421875,70632.7822265625,10.282311492948793
ppo,1,68,17408,-12759.343973154475,1264.5993658913987,0.0,-15.577236298734233,0.039727983821649104,52315922.5,0.7207151651382446,0.001,0.1519605778157711,0.576904296875,75959.599609375,9.641444494947791
ppo,1,69,17664,-12428.608176123407,1215.3692874076971,0.0,-15.175682211125352,0.02596396452281624,51100673.5,0.7207487970590591,0.001,0.14534429088234901,0.56298828125,73982.1650390625,9.606643141014501
ppo,1,70,17920,-12898.084147913436,1241.0329787880387,0.0,-15.392867129603205,0.03041354101151228,53272715.0,0.7207726985216141,0.001,0.1297362670302391,0.547119140625,76325.8505859375,9.666889152955264
ppo,1,71,18176,-12670.87465168476,1201.293838672201,0.0,-14.93590133378978,0.03778661967953667,51666717.0,0.7207724452018738,0.001,0.12767108716070652,0.552734375,74673.2109375,10.15288101695478
ppo,1,72,18432,-12347.68035770765,1162.3926708068432,0.0,-14.465465965661203,0.036310723749920726,48105152.0,0.7207905426621437,0.001,0.16397573798894882,0.58837890625,72321.6728515625,10.214915266958997
ppo,1,73,18688,-12652.071709074291,1252.8210570365284,0.0,-15.521695479443125,0.04742716858163476,52286098.5,0.7207940965890884,0.001,0.13522762060165405,0.566162109375,75451.322265625,9.656770913978107
ppo,1,74,18944,-12773.64209519721,1236.0469437811553,0.0,-15.008305116731133,0.034295719815418124,52278883.0,0.7207790017127991,0.001,0.16254076920449734,0.581787109375,75421.505859375,9.548744999920018
ppo,1,75,19200,-12402.291188220675,1228.0508543772203,0.0,-15.499170959385335,0.04547721042763442,50006185.5,0.7207864075899124,0.001,0.11885658465325832,0.568359375,74052.8115234375,10.437959632952698
ppo,1,76,19456,-12307.667668348595,1174.747373260297,0.0,-14.596009427392271,0.03520199842751026,47975574.0,0.7207702398300171,0.001,0.050022341310977936,0.37890625,72597.244140625,10.372349984012544
ppo,1,77,19712,-12292.573538745099,1185.9577981383754,0.0,-14.995611717587135,0.040049474220722914,47889267.0,0.720753088593483,0.001,0.06739664822816849,0.42138671875,72868.46484375,10.365176576888189
ppo,1,78,19968,-12412.493476658303,1202.0398224633786,0.0,-14.827668778344774,0.03371990146115422,49463356.0,0.7207538262009621,0.001,0.15555022098124027,0.58203125,73508.138671875,10.37546316999942
ppo,1,79,20224,-12053.596070612697,1153.3806095331852,0.0,-14.377955587460265,0.03877959423698485,46308730.5,0.7207727655768394,0.001,0.16705338284373283,0.5908203125,70999.95703125,10.444023581105284
ppo,1,80,20480,-12243.83959193918,1162.6678480042551,0.0,-14.457066895647209,0.04066072078421712,47841893.0,0.7207730412483215,0.001,0.056013111025094986,0.39990234375,72174.677734375,10.268395611899905
ppo,1,81,20736,-12682.827595488263,1192.415028833594,0.0,-14.909365528178546,0.02974120620638132,52076613.0,0.7207750231027603,0.001,0.06546355038881302,0.416015625,74516.95703125,9.597500256029889
ppo,1,82,20992,-12366.351098391722,1180.4534218525396,0.0,-14.560379241548883,0.04410084616392851,48839909.0,0.720804899930954,0.001,0.06649436056613922,0.4189453125,72937.451171875,9.55489969602786
ppo,1,83,21248,-12315.922496793406,1189.8947309301147,0.0,-14.970359177143418,0.04890696285292506,48798384.0,0.7208127975463867,0.001,0.056370384991168976,0.4111328125,72994.09375,9.72171809093561
ppo,1,84,21504,-12181.437815255536,1161.3756668375843,0.0,-14.574983419652849,0.02959705237299204,47652209.0,0.7208070456981659,0.001,0.06601011008024216,0.427734375,71801.560546875,9.623517165076919
ppo,1,85,21760,-12361.150484718655,1201.896870261418,0.0,-15.02466859203621,0.05055730324238539,48855384.0,0.7207971066236496,0.001,0.05441788583993912,0.416015625,73111.234375,9.586064946022816
ppo,1,86,22016,-12917.824569072596,1239.2209504880275,0.0,-15.431217613254363,0.03668146766722202,53995931.0,0.7207957059144974,0.001,0.0564667284488678,0.39892578125,76355.552734375,9.630046115024015
ppo,1,87,22272,-11911.495088141444,1145.3294672409916,0.0,-14.40165704266644,0.028351922053843737,45599776.0,0.7208017557859421,0.001,0.0618961900472641,0.40380859375,70118.63671875,9.5214639500482
ppo,1,88,22528,-12457.801587496328,1163.8642259259204,0.0,-14.424668121023952,0.046135888900607824,50105580.5,0.7208079025149345,0.001,0.1413678489625454,0.603759765625,72959.3466796875,9.524852217989974
ppo,1,89,22784,-11664.49713747195,1118.466660320554,0.0,-13.90070247730502,0.039671634789556265,44168789.0,0.7208230569958687,0.001,0.1402912139892578,0.569091796875,68741.224609375,9.578779679024592
ppo,1,90,23040,-11816.352579380788,1137.881769649317,0.0,-14.455293709617077,0.03812006302177906,45511857.0,0.7208203673362732,0.001,0.06508485227823257,0.3974609375,69651.90625,9.517704188940115
ppo,1,91,23296,-12033.38904736068,1144.0033907312854,0.0,-14.213062838973809,0.02457151561975479,46406561.0,0.7208348661661148,0.001,0.05568709224462509,0.39990234375,70832.76953125,9.698903203010559
ppo,1,92,23552,-12235.034306996014,1148.4229685959976,0.0,-14.48110933067169,0.032833036966621876,47551186.0,0.7208490371704102,0.001,0.05796729773283005,0.4052734375,71727.572265625,9.598146975971758
ppo,1,93,23808,-11750.756028951848,1125.9489424390608,0.0,-14.27335475534389,0.04643723648041487,44014214.5,0.7208688035607338,0.001,0.1511414796113968,0.572021484375,69200.96875,9.636175557039678
ppo,1,94,24064,-11717.037690657147,1105.0121758035682,0.0,-13.858256367682742,0.04787276452407241,42736816.0,0.7208846211433411,0.001,0.051534563302993774,0.3994140625,68769.140625,9.695899008074775
ppo,1,95,24320,-12174.036973380335,1157.9768238881875,0.0,-14.418467238016623,0.03773863147944212,47549781.0,0.720867395401001,0.001,0.06181929260492325,0.4248046875,71542.318359375,9.574752597953193
ppo,1,96,24576,-12135.707717578167,1156.4708563467134,0.0,-14.644292379123147,0.03843748290091753,46313053.0,0.7208499163389206,0.001,0.061822112649679184,0.42138671875,71256.708984375,9.54196573398076
ppo,1,97,24832,-11937.976631374435,1117.7954536035563,0.0,-13.982704119084524,0.03390010353177786,44268403.0,0.7208409160375595,0.001,0.06556591391563416,0.4091796875,69758.7890625,9.614759659045376
ppo,1,98,25088,-11900.24228305188,1123.126946330182,0.0,-14.049140890881537,0.04035714454948902,45456799.0,0.7208303660154343,0.001,0.06856166198849678,0.43310546875,69870.947265625,9.548895032028668
ppo,1,99,25344,-12301.222782741603,1158.5057035961745,0.0,-14.544712282449886,0.04134186916053295,47329579.0,0.7208221703767776,0.001,0.05915650725364685,0.41552734375,71927.505859375,9.679058179957792
ppo,1,100,25600,-12176.075860732359,1140.642642407433,0.0,-14.491433004470073,0.039332508808001876,47012296.0,0.7208171039819717,0.001,0.056867048144340515,0.419921875,71211.546875,9.631799336057156
heppo,1,1,256,-12852.64663512443,1288.0253668376417,0.0,-15.620571726037515,0.04788488568738103,3669889.25,0.7189535349607468,0.00098,0.2640218585729599,0.447265625,18943.42578125,14.38070439803414
heppo,1,2,512,-12816.761242083487,1284.4386624247682,0.0,-15.706419267676582,0.01607451681047678,3718895.4375,0.718995213508606,0.0009603999999999999,0.1532706841826439,0.2841796875,17353.309326171875,14.315873372019269
heppo,1,3,768,-12721.830353017574,1288.3594953320521,0.0,-15.92881850952266,0.019733570865355432,3618462.375,0.7190226763486862,0.0009411919999999999,0.13481640815734863,0.23974609375,17210.9169921875,14.499547175015323
heppo,1,4,1024,-13287.251125134655,1327.6392566140885,0.0,-16.331949513643224,0.015499335713684559,3955669.4375,0.7190472781658173,0.0009223681599999998,0.13829292356967926,0.2666015625,17433.534912109375,14.371389351901598
heppo,1,5,1280,-12693.366064278409,1257.2185154711415,0.0,-15.591652356604383,0.017470502760261297,3580718.6875,0.7190762758255005,0.0009039207967999998,0.1543172150850296,0.28662109375,14968.23046875,14.531469967914745
heppo,1,6,1536,-13090.510989454957,1301.864457428225,0.0,-15.999592323339819,0.028237615013495088,3774872.0,0.719091385602951,0.0008858423808639998,0.18222395330667496,0.32666015625,14884.562255859375,14.484607352991588
heppo,1,7,1792,-13135.180846824776,1312.5621862518392,0.0,-16.210085379631007,0.027173240669071674,3890354.125,0.7190826088190079,0.0008681255332467198,0.18520157411694527,0.3427734375,14987.33544921875,16.023269637022167
heppo,1,8,2048,-12447.226229284779,1242.2439698659064,0.0,-15.205535657756158,0.031088548013940454,3437906.5,0.7190717309713364,0.0008507630225817853,0.21816019713878632,0.390625,14486.616455078125,15.966019812040031
heppo,1,9,2304,-12977.612753286205,1314.7316797141816,0.0,-16.03375173740441,0.03086078679189086,3824011.625,0.719058483839035,0.0008337477621301496,0.2261006459593773,0.39208984375,15597.143310546875,15.981799706001766
heppo,1,10,2560,-12945.536909838806,1294.6762429999787,0.0,-16.007072009557973,0.033900083508342505,3763072.0625,0.7190616130828857,0.0008170728068875465,0.20679304376244545,0.37841796875,15995.096923828125,15.943199516972527
heppo,1,11,2816,-12691.418163353786,1263.6589046662034,0.0,-15.590287001868909,0.03259338531643152,3552140.8125,0.7190685868263245,0.0008007313507497956,0.20653033256530762,0.38671875,16024.80078125,14.70842913899105
heppo,1,12,3072,-12999.736415908825,1305.4402695632132,0.0,-16.249152365709886,0.03583693038672209,3773671.5,0.7190586477518082,0.0007847167237347997,0.23333919048309326,0.42529296875,16795.396484375,14.455005211057141
heppo,1,13,3328,-12920.463772603938,1305.1316633273314,0.0,-16.17355857041833,0.01870706072077155,20004380.5,0.7190481722354889,0.0008004110582094957,0.132744929442822,0.49658203125,42863.365234375,13.395387933007441
heppo,1,14,3584,-12619.546217832802,1281.4898524238379,0.0,-15.651111296623,0.008504391298629344,19017448.0,0.7190475165843964,0.0008164192793736856,0.13947466388344765,0.50537109375,42668.138671875,13.492688150028698
heppo,1,15,3840,-12875.294452813909,1265.578606919362,0.0,-15.660487682006774,0.03962951432913542,3614763.0,0.7190554887056351,0.0008000908937862119,0.229743804782629,0.42041015625,17203.93798828125,14.351369080948643
heppo,1,16,4096,-12665.333602364955,1271.672367308926,0.0,-15.570833809598755,0.038053328171372414,3600618.8125,0.7190591096878052,0.0007840890759104876,0.22986996918916702,0.421875,17073.5498046875,14.516430909046903
heppo,1,17,4352,-13155.389610692964,1323.124458210019,0.0,-16.11144466262845,0.05530981416814029,3924777.0625,0.7190581560134888,0.0007684072943922778,0.23710303008556366,0.42236328125,17884.48388671875,14.387294854968786
heppo,1,18,4608,-13173.65951737368,1321.8330672626632,0.0,-16.09248799285285,0.022800272330641747,21380873.0,0.7190513610839844,0.0007837754402801235,0.05192121366667379,0.28515625,46853.076171875,11.467281373916194
heppo,1,19,4864,-12986.398675393724,1278.938824590191,0.0,-15.834291350946874,0.020496378652751446,20021549.0,0.7190468609333038,0.000799450949085726,0.05615194638585308,0.263671875,45996.271484375,11.556010573985986
heppo,1,20,5120,-12982.312831749834,1294.8899172857655,0.0,-15.513518435732275,0.006352633237838745,20498043.0,0.7190334647893906,0.0008154399680674405,0.13124243045848516,0.50439453125,46326.5859375,13.235222810995765
heppo,1,21,5376,-12865.599598845152,1274.3944719372246,0.0,-15.56447056880071,0.027988547924906015,19853223.0,0.7190122157335281,0.0008317487674287893,0.11774911234783758,0.462890625,45889.9912109375,13.195688073989004
heppo,1,22,5632,-13077.769880214175,1300.4793689159178,0.0,-16.000411381899575,0.019377370830625296,20474814.0,0.7189948856830597,0.0008483837427773652,0.12311701041960532,0.48779296875,46693.787109375,13.123668111045845
heppo,1,23,5888,-12970.472135902355,1287.8883793942637,0.0,-15.603968811850468,0.005210652714595199,20551673.0,0.7189917117357254,0.0008653514176329125,0.13208947516977787,0.5107421875,46907.68359375,13.13830146798864
heppo,1,24,6144,-13110.866976639996,1282.8046089931663,0.0,-16.060657676328134,0.005003173835575581,20204898.5,0.7189961969852448,0.0008826584459855708,0.12253950908780098,0.4873046875,47283.98046875,13.278103781980462
heppo,1,25,6400,-12772.272883028965,1295.3967040898665,0.0,-15.912280314670966,0.018171846866607666,19549694.0,0.7190115600824356,0.0009003116149052822,0.12757700681692086,0.4873046875,46080.8779296875,14.430465209996328
heppo,1,26,6656,-13373.29378828594,1337.8914251988924,0.0,-16.213990199004773,0.04362960020080209,3971100.4375,0.7190362960100174,0.0008823053826071765,0.21599911153316498,0.38623046875,18639.94677734375,15.974170411005616
heppo,1,27,6912,-12912.17689780031,1285.019921793522,0.0,-15.49283360609408,0.035460823215544224,3685373.0625,0.7190689891576767,0.000864659274955033,0.2356138825416565,0.42578125,18019.265625,16.080131285008974
heppo,1,28,7168,-12613.960485085337,1261.1897654605154,0.0,-15.490588311776454,0.03827578900381923,3527072.625,0.7190834432840347,0.0008473660894559322,0.2400495707988739,0.42333984375,17621.181640625,16.010179108008742
heppo,1,29,7424,-12748.336451173009,1247.2655165750612,0.0,-15.289382126570803,0.03491916158236563,3577224.375,0.7190897166728973,0.0008304187676668136,0.23511550948023796,0.42724609375,17824.82568359375,16.036563880974427
heppo,1,30,7680,-13242.800535031805,1302.0767098056187,0.0,-16.042938703384973,0.04041177174076438,3866348.3125,0.7190924882888794,0.0008138103923134773,0.25436993688344955,0.43994140625,18532.82861328125,15.913599941995926
heppo,1,31,7936,-12477.935655340318,1257.4322326131971,0.0,-15.697115411494337,0.047840939834713936,3514143.0,0.7191063165664673,0.0007975341844672077,0.25837815552949905,0.443359375,17475.80615234375,16.100116731016897
heppo,1,32,8192,-12719.749249127963,1255.839304267053,0.0,-15.373162839534565,0.0472257686778903,3542625.0,0.719125047326088,0.0007815835007778635,0.2497866339981556,0.4384765625,17825.1611328125,16.014425429981202
heppo,1,33,8448,-12563.330823224042,1250.9747517272074,0.0,-15.428160419739182,0.04475145949982107,3524982.0,0.7191382646560669,0.0007659518307623062,0.232859767973423,0.412109375,17618.6298828125,15.192736892029643
heppo,1,34,8704,-12813.187311668476,1285.9606887598784,0.0,-16.012784323804,0.03991687670350075,3708191.0625,0.7191283255815506,0.0007506327941470601,0.23673349618911743,0.43359375,17979.15869140625,15.200590449967422
heppo,1,35,8960,-13478.725825916696,1347.2697198586302,0.0,-16.65451427976246,0.04502325039356947,4076797.0625,0.7191148698329926,0.0007356201382641189,0.2483377605676651,0.43505859375,18925.0849609375,15.215006517944857
heppo,1,36,9216,-12745.33053835494,1229.911172789194,0.0,-15.27193668742979,0.026019826531410217,19212297.5,0.7190901786088943,0.0007503325410294012,0.13691056892281495,0.509765625,46584.041015625,13.9403317499673
heppo,1,37,9472,-12599.337050012871,1258.6682224727388,0.0,-15.430931621435114,0.0005509015172719955,19462618.5,0.7190733850002289,0.0007653391918499892,0.11987322320544536,0.48291015625,46327.5537109375,13.797774069011211
heppo,1,38,9728,-12837.024463707854,1311.2153175684325,0.0,-16.00291724149409,-0.0015196043532341719,19822358.0,0.7190696746110916,0.000780645975686989,0.11055113996070531,0.46923828125,46716.169921875,13.822005359921604
heppo,1,39,9984,-12441.70432712085,1225.2920227613972,0.0,-15.126934141353761,-0.0040947748348116875,18660098.5,0.7190666794776917,0.0007962588952007289,0.10811888674896863,0.4599609375,45576.8857421875,13.80046305700671
heppo,1,40,10240,-12852.605994844958,1308.6265082756493,0.0,-16.177701616705846,-0.0013313740491867065,19637563.0,0.7190618813037872,0.0008121840731047435,0.10944059304893017,0.47021484375,46576.70703125,13.782495804014616
heppo,1,41,10496,-12868.129405190593,1292.8104460229129,0.0,-15.949733194752609,-0.014523278921842575,19754359.5,0.7190533131361008,0.0008284277545668383,0.12074713533127124,0.478515625,47125.9873046875,13.786149495048448
heppo,1,42,10752,-12991.121066958447,1273.8706406117788,0.0,-15.910310441750532,-0.0031234119087457657,19789799.0,0.7190494388341904,0.0008449963096581751,0.11742885286616911,0.4609375,47360.404296875,13.87506772193592
heppo,1,43,11008,-12760.811306254633,1251.672382410516,0.0,-15.46926126759507,0.00869129621423781,19336775.5,0.7190395295619965,0.0008618962358513386,0.1144051204125276,0.48291015625,46764.7763671875,13.767517760046758
heppo,1,44,11264,-13150.916999800844,1276.1832040987197,0.0,-15.68799353072163,-0.013345792423933744,20412194.0,0.7190320044755936,0.0008791341605683654,0.10952202727401072,0.451171875,48048.3388671875,13.919897846062668
heppo,1,45,11520,-12962.475306582015,1252.624994331785,0.0,-15.386418442102244,0.015693151857703924,19994055.0,0.719036340713501,0.0008967168437797327,0.11472400526213278,0.4599609375,47363.568359375,13.934135310933925
heppo,1,46,11776,-12519.654088876989,1234.3463987076066,0.0,-15.226846681918719,0.005355863831937313,18541194.5,0.7190354466438293,0.0009146511806553273,0.12012171248602499,0.4755859375,45903.0869140625,13.85598171199672
heppo,1,47,12032,-12989.407708607381,1300.9144089480408,0.0,-15.831533757780194,-0.001331118168309331,20639809.5,0.7190352827310562,0.0009329442042684339,0.11057481293880755,0.4521484375,47707.958984375,13.865039027994499
heppo,1,48,12288,-13037.232879537427,1272.6827651617516,0.0,-15.613763792956446,-0.0018534099217504263,20058597.5,0.7190276235342026,0.0009516030883538025,0.11114561681949908,0.46044921875,47618.7080078125,13.73383201402612
heppo,1,49,12544,-12625.343632979771,1216.8556213781087,0.0,-15.149154575976578,-0.0006693809991702437,18929307.0,0.7190016061067581,0.0009706351501208786,0.11816817211615671,0.4765625,46374.9296875,13.53102211409714
heppo,1,50,12800,-12947.182128702683,1291.2852538945774,0.0,-15.913493432887751,0.004796013003215194,19853119.5,0.7189659774303436,0.0009900478531232962,0.11140876697999147,0.46337890625,47195.2041015625,13.29029296291992
heppo,1,51,13056,-12773.275110097155,1259.4342137083265,0.0,-15.582955456260914,0.0044956093188375235,19351659.5,0.7189440727233887,0.001009848810185762,0.1214731695752107,0.48828125,46762.005859375,13.169073919998482
heppo,1,52,13312,-12922.935692341274,1284.3704767997742,0.0,-16.01120368149225,0.009677597554400563,19731548.0,0.718933030962944,0.0010300457863894772,0.12203002596902479,0.505859375,47380.0712890625,13.45234973798506
heppo,1,53,13568,-12762.117323875591,1295.948288365771,0.0,-16.234707138174706,0.0238425200805068,19598265.5,0.7189260125160217,0.0010506467021172668,0.11950522474944592,0.4912109375,46827.521484375,13.72958618402481
heppo,1,54,13824,-12318.214846827832,1205.24017930075,0.0,-14.947090939277995,0.011612965725362301,17742105.0,0.7189343422651291,0.0010716596361596122,0.11706114125752265,0.46240234375,45026.193359375,14.670403708005324
heppo,1,55,14080,-12488.484533387138,1205.5943743241212,0.0,-14.864338285457926,-0.00657445122487843,18173348.5,0.7189354449510574,0.0010930928288828043,0.11896157450973988,0.478515625,45691.1064453125,14.731624150997959
heppo,1,56,14336,-12392.932905537727,1193.811836014079,0.0,-14.825546297392007,-0.0013337363488972187,17899622.0,0.7189270555973053,0.0011149546854604603,0.13200691466533954,0.51953125,45361.3994140625,14.765259001054801
heppo,1,57,14592,-12624.099188466587,1206.5567946665008,0.0,-15.059300842978974,-0.011758981738239527,18734076.5,0.7189091145992279,0.0011372537791696695,0.1219708261390906,0.4873046875,46334.99609375,14.071616607951
heppo,1,58,14848,-12622.177376798489,1270.0406638694913,0.0,-15.500350236268275,-0.010433983756229281,18926205.0,0.7188939899206161,0.001159998854753063,0.12647811882197857,0.4833984375,46004.8232421875,13.805490143946372
heppo,1,59,15104,-12948.132310225395,1282.293222850275,0.0,-15.800781845063703,-0.00025104288943111897,20034531.0,0.718879297375679,0.0011831988318481243,0.11632937689626033,0.48193359375,47456.3955078125,13.805852252990007
heppo,1,60,15360,-12962.176062735582,1254.6180222807793,0.0,-15.442199957052633,-0.019982757046818733,20094137.5,0.7188645750284195,0.0012068628084850868,0.1148510612547966,0.4658203125,47397.6123046875,13.968278235988691
heppo,1,61,15616,-12513.224268701633,1217.284312281723,0.0,-15.064123382623796,0.0071355015970766544,18804156.0,0.7188444137573242,0.0012310000646547886,0.12098408862948418,0.49072265625,45909.3740234375,13.919902640976943
heppo,1,62,15872,-12619.804302470207,1247.1414017324205,0.0,-15.403146175691392,0.00019289541523903608,18629153.5,0.718820795416832,0.0012556200659478843,0.12843443204963023,0.48876953125,46072.173828125,14.021756364032626
heppo,1,63,16128,-12755.78552780316,1231.231023220041,0.0,-15.090243263659062,0.012902119429782033,19090364.0,0.7188134342432022,0.0012807324672668421,0.13443599889671987,0.51416015625,46994.67578125,13.837308204034343
heppo,1,64,16384,-12991.504096910836,1281.2109035817703,0.0,-15.842413749246308,0.012384215835481882,19972738.5,0.7188113182783127,0.001306347116612179,0.13034251580643286,0.4921875,47584.369140625,13.873499444918707
heppo,1,65,16640,-12452.03058425991,1229.631992054868,0.0,-15.298789634845509,0.012303137686103582,18324953.5,0.7188118249177933,0.0013324740589444224,0.13092727959156036,0.5146484375,45492.0654296875,13.862014148035087
heppo,1,66,16896,-12786.580978798474,1254.314849573434,0.0,-15.503454465488652,0.01169449626468122,19522907.0,0.7188156396150589,0.001359123540123311,0.13027024827903233,0.4912109375,46928.9501953125,13.710615354939364
heppo,1,67,17152,-12191.49870872772,1201.532629062513,0.0,-14.908194019125729,0.008981839288026094,17610100.0,0.7188340872526169,0.0013863060109257771,0.13381033390760422,0.52978515625,44616.08984375,14.359166336013004
heppo,1,68,17408,-12574.1551954323,1218.5850138408332,0.0,-15.044890324525372,0.04543766612187028,3463837.0,0.7188555300235748,0.0013585798907072616,0.24649973586201668,0.42919921875,17775.3369140625,16.059697513934225
heppo,1,69,17664,-12286.90509327763,1189.647165108845,0.0,-14.49686906221456,0.04278119094669819,3280577.625,0.7188804149627686,0.0013314082928931163,0.2575349733233452,0.4462890625,17369.8466796875,15.978395089972764
heppo,1,70,17920,-12605.325042994042,1210.9304675695678,0.0,-14.88189840847257,0.05614564288407564,3439288.625,0.7189225852489471,0.001304780127035254,0.28297989070415497,0.47900390625,17821.89111328125,15.440042297006585
heppo,1,71,18176,-12783.921466862954,1230.724199164998,0.0,-15.140465603446629,0.04020656272768974,3560893.9375,0.7189691662788391,0.001278684524494549,0.24998336285352707,0.4453125,18075.47216796875,14.430955728981644
heppo,1,72,18432,-12824.545215733313,1241.8759636728053,0.0,-15.430779445265244,0.06209907867014408,3600203.25,0.7189821153879166,0.0012531108340046579,0.24388618767261505,0.42529296875,18133.85107421875,14.454942065989599
heppo,1,73,18688,-12608.731802748214,1243.5749843895082,0.0,-15.401661664510154,0.050698548555374146,3576755.0,0.7189813554286957,0.0012280486173245648,0.273189440369606,0.46923828125,17829.29931640625,14.322086011990905
heppo,1,74,18944,-12557.980866445425,1200.3518910386986,0.0,-14.780292686284024,0.047767800744622946,3349659.25,0.7189715504646301,0.0012034876449780734,0.2556498274207115,0.451171875,17757.830078125,14.558164104935713
heppo,1,75,19200,-12346.57976720163,1228.2771072757778,0.0,-15.059884921470225,0.04566980851814151,3410335.1875,0.7189494371414185,0.0011794178920785119,0.25335802137851715,0.439453125,17459.3017578125,14.545504163019359
heppo,1,76,19456,-12762.45020893924,1264.4379659179122,0.0,-15.681528416226278,0.048604120034724474,3652123.8125,0.7189345806837082,0.0011558295342369415,0.26809149235486984,0.4599609375,18049.46240234375,14.60066907806322
heppo,1,77,19712,-12805.639087396528,1255.4674498234326,0.0,-15.639756868984122,0.02193167677614838,19615850.0,0.71891288459301,0.0011789461249216804,0.15026346842455496,0.51708984375,47038.0283203125,13.28913690103218
heppo,1,78,19968,-12824.153164555566,1253.7400238162065,0.0,-15.248230773548038,0.02451253100298345,19977216.0,0.7189013957977295,0.001202525047420114,0.12626287465297992,0.48779296875,47392.896484375,13.232246004976332
heppo,1,79,20224,-12440.599848643506,1211.647918206801,0.0,-15.185807131018947,0.03530331188812852,18515927.0,0.7188917398452759,0.0012265755483685163,0.1288749867429715,0.5048828125,45971.2294921875,13.284304047934711
heppo,1,80,20480,-12349.394192535145,1187.5439241958034,0.0,-14.646893383442986,0.004169565159827471,18078450.5,0.7188876569271088,0.0012511070593358867,0.1409817828487121,0.52294921875,45128.4375,13.257175000035204
heppo,1,81,20736,-12891.866148138259,1229.8163215156562,0.0,-15.298110553897365,0.02321053948253393,19903663.5,0.7188875824213028,0.0012761292005226044,0.11684968198346724,0.48291015625,47406.0595703125,13.95051824406255
heppo,1,82,20992,-12704.650784033805,1245.4236729068184,0.0,-15.51905896444189,-0.0026219505816698074,19267881.5,0.7188925594091415,0.0013016517845330564,0.11936123110353947,0.4970703125,46592.7431640625,13.933800355996937
heppo,1,83,21248,-12005.244854065497,1148.7704653419282,0.0,-14.34038402586561,-0.008123788051307201,16792553.75,0.7189093828201294,0.0013276848202237175,0.13212616182869397,0.51123046875,43872.2861328125,13.756741702090949
heppo,1,84,21504,-12478.408639521807,1215.7027413076821,0.0,-14.975052754223222,0.03352548833936453,3416448.875,0.7189285308122635,0.0013011311238192431,0.2147064134478569,0.39697265625,17652.1015625,15.168679618043825
heppo,1,85,21760,-12350.303231962684,1195.505341444723,0.0,-14.822861205637018,0.04030441027134657,3310489.75,0.7189537584781647,0.0012751085013428583,0.2412620410323143,0.439453125,17470.98779296875,15.152428971021436
heppo,1,86,22016,-12433.550486628465,1190.6431022289512,0.0,-14.670950945543726,0.044597955886274576,3371564.625,0.7189577668905258,0.0012496063313160012,0.240433968603611,0.43310546875,17589.568359375,15.279937609098852
heppo,1,87,22272,-12344.130395919672,1201.089351925104,0.0,-14.999955728824023,0.03511221893131733,3349827.0,0.7189425528049469,0.0012246142046896812,0.24132995307445526,0.41748046875,17463.08740234375,15.32190538092982
heppo,1,88,22528,-12986.978209524385,1248.2100832803594,0.0,-15.483241574027737,0.049363702069967985,3755500.0,0.7189248353242874,0.0012001219205958875,0.24931267648935318,0.4296875,18374.69970703125,15.183324239915237
heppo,1,89,22784,-12357.29287843443,1201.7392890333326,0.0,-14.992963181229639,0.001970909535884857,17930573.0,0.71892449259758,0.0012241243590078053,0.05166423817490795,0.26953125,45311.380859375,11.796662468928844
heppo,1,90,23040,-12167.744608937728,1185.0615665412088,0.0,-14.641669208475161,0.004682802129536867,17067465.0,0.7189269661903381,0.0012486068461879615,0.051685374230260095,0.267578125,44293.267578125,11.860403839033097
heppo,1,91,23296,-12473.715077409897,1213.6451281596185,0.0,-14.671816204397846,0.04815556760877371,3449304.8125,0.7189320474863052,0.0012236347092642022,0.25941818952560425,0.4404296875,17647.9853515625,15.475857383920811
heppo,1,92,23552,-12485.275118724881,1181.8465723853292,0.0,-14.65953314466726,0.04673650301992893,3333539.625,0.7189516127109528,0.001199162015078918,0.23740021884441376,0.42333984375,17665.201171875,14.929464869899675
heppo,1,93,23808,-12045.16917670362,1158.1464864872107,0.0,-14.448876989140713,0.03996167192235589,3159301.3125,0.718982920050621,0.0011751787747773398,0.23808671534061432,0.431640625,17041.1748046875,14.391719316015951
heppo,1,94,24064,-12073.267310542431,1190.0588341003208,0.0,-14.909066959923734,0.03678895300254226,3244760.1875,0.7190257012844086,0.001151675199281793,0.2527686208486557,0.451171875,17081.4736328125,14.53557460801676
heppo,1,95,24320,-12589.319937780772,1182.2522667532673,0.0,-14.518017008896162,0.04969981359317899,3448969.0625,0.7190726846456528,0.0011286416952961571,0.2705932632088661,0.4658203125,17813.77392578125,14.4387437379919
heppo,1,96,24576,-12638.251319856548,1233.2104332294462,0.0,-15.431794775937298,0.04470111196860671,3564034.5,0.7191174626350403,0.0011060688613902339,0.25651299953460693,0.43603515625,17882.84228515625,15.177047853008844
heppo,1,97,24832,-12532.251809149726,1217.0234607816164,0.0,-15.016219604549558,0.044640653766691685,3528851.9375,0.7191467881202698,0.0010839474841624292,0.22776146233081818,0.419921875,17732.81982421875,15.225976981106214
heppo,1,98,25088,-12395.692214024255,1194.6366465371277,0.0,-15.0724469507714,0.04226908693090081,3360867.1875,0.7191719859838486,0.0010622685344791806,0.2424515336751938,0.42431640625,17539.06298828125,15.15223636396695
heppo,1,99,25344,-12616.99765071243,1205.888146786861,0.0,-15.049843881357038,0.05468851584009826,3472348.375,0.7191852927207947,0.001041023163789597,0.2506193518638611,0.43701171875,17853.41845703125,15.215282878954895
heppo,1,100,25600,-12038.952659160794,1130.922043949549,0.0,-14.081932377698713,0.04824643605388701,3096376.6875,0.7191947400569916,0.001020202700513805,0.26067162305116653,0.45458984375,17034.0966796875,15.196673803031445
