method,update,episode_start,episode_end,reward,cost,dual,entropy_threshold,low_entropy_rate,quality_reward,improvement_reward,relative_loss_improvement,relative_quality_improvement,radar_loss,beam_objective,beampattern_loss,cross_corr,sidelobe_ratio,sidelobe_leakage,target_mean,target_min,target_min_ratio,target_band_error_mean,feasible_rate,accepted_rate,mean_step_scale,rollout_time_sec,reset_time_sec,policy_time_sec,env_step_time_sec,transition_time_sec,segment_time_sec,ppo_update_time_sec,update_time_sec,transitions_per_sec
cse,1,1,64,0.01889062504389933,0.009397510963000108,0.00046987554815000544,0.20778766814789032,0.025390625,0.0023613281304874167,0.0023613281304874167,0.003280540099483541,0.0023613281304874167,0.6801618974369017,0.6801618974369017,0.5151187991981354,0.16504309823876645,0.8715653664623269,0.9650151667095777,2.1458827482556986,1.949527877336914,0.9095005941215493,0.019328223362371368,0.984375,0.123046875,0.0747528076171875,4.683224597945809,2.607610050938092,0.3572640389902517,1.6884777577361092,0.02904402813874185,0.008274364052340388,1.209904524963349,5.904221016098745,109.32638170387499
cse,2,65,128,0.02799184675798514,0.01251132256282536,0.0010954416762912734,0.23001533986884565,0.015625,0.0034989808447481426,0.0034989808447481426,0.004397369122551975,0.0034989808447481426,0.6919198248883669,0.6919198248883669,0.5238956186766351,0.16802420621173167,0.8569086953308058,0.9523545838524095,2.1524503215615227,1.9865077727781573,0.9232268395100648,0.017704854192003155,0.984375,0.140625,0.094482421875,4.381236836081371,2.557715378003195,0.026434767758473754,1.7641165211098269,0.03223604895174503,0.0059498000191524625,1.148014282924123,5.541427506017499,116.86197737211093
cse,3,129,192,0.024625326536195886,0.02093345265761012,0.0021421143091717794,0.24780951376481394,0.046875,0.003078165817024486,0.003078165817024486,0.00410986627715524,0.003078165817024486,0.6573543080313546,0.6573543080313546,0.5056570052932672,0.15169730273808746,0.8479582952436111,0.9409533857509641,2.1804208323028353,2.001100118097497,0.919709493314447,0.018262157587853343,0.96875,0.138671875,0.088958740234375,4.300260727992281,2.5163213779451326,0.023804347147233784,1.7297633358975872,0.02972004923503846,0.007437198073603213,1.0020368490368128,5.314601104008034,119.0625481536893
cse,4,193,256,0.019858590491343642,0.02315493739908047,0.003299861179125803,0.2620518209649641,0.0625,0.0024823238114179552,0.0024823238114179552,0.0032889802525153024,0.0024823238114179552,0.700850637944792,0.700850637944792,0.5179741905011321,0.18287644744365983,0.8499312281614625,0.9451533018534815,2.1944056868301116,1.946905309679307,0.8900169762563379,0.02334837350468332,0.96875,0.1171875,0.06850433349609375,4.266460928949527,2.5191545229172334,0.024738135980442166,1.6895421029767022,0.03227079915814102,0.005693509941920638,0.9874004700686783,5.2664824209641665,120.00578665232563
cse,5,257,320,0.019368441291554878,0.0,0.003299861179125803,0.27344878539128326,0.03125,0.0024210551614443597,0.0024210551614443597,0.003336750355322612,0.0024210551614443597,0.6500121885286211,0.6500121885286211,0.49829424898047286,0.15171793954814822,0.8236676174640611,0.913744072170079,2.174841612528739,2.003831227988645,0.9229102966754942,0.016411040871645976,1.0,0.15234375,0.0756072998046875,4.413428207975812,2.6039467700757086,0.024883100064471364,1.7529766409425065,0.030908487737178802,0.005640606046654284,1.00564193201717,5.431326686986722,116.00959070201466
cse,6,321,384,0.02162810561035792,0.00010420358384265875,0.003305071358317936,0.28257321389170087,0.03125,0.00270351320129474,0.00270351320129474,0.003614527941075571,0.00270351320129474,0.6654274154557245,0.6654274154557245,0.5097094908219248,0.1557179246337998,0.8306175030252815,0.9256743848757081,2.2191391183279,2.0203639718631505,0.9117654268060849,0.018291566146199582,0.984375,0.126953125,0.07816314697265625,4.438893149024807,2.6645946259377524,0.024173277197405696,1.7161874661687762,0.033228222047910094,0.006142062949948013,1.0035252899397165,5.455107846995816,115.34406952608957
cse,7,385,448,0.022417284121901852,0.014476526439331013,0.004028897680284487,0.2898732736714986,0.03125,0.0028021605152377315,0.0028021605152377315,0.003071035607225306,0.0028021605152377315,0.6662435272370173,0.6662435272370173,0.496958698135318,0.16928482910169929,0.8654067423355783,0.9573436872432413,2.1513871259853756,1.9169122122877384,0.8941933265291166,0.020515500366394563,0.984375,0.134765625,0.087646484375,4.243876317981631,2.5494167959550396,0.02165841602254659,1.6420050441520289,0.030119091039523482,0.005706822033971548,1.0008565729949623,5.256167337996885,120.64442072230442
cse,8,449,512,0.023703930203692596,0.0,0.004028897680284487,0.29571355591307824,0.03125,0.0029629912754615744,0.0029629912754615744,0.003514071967285198,0.0029629912754615744,0.6618599035805393,0.6618599035805393,0.5002873199123289,0.16157258366821026,0.8491275741099593,0.9422785629458907,2.1804563374656505,2.002836365417635,0.9187966316836065,0.017668982883237642,1.0,0.1328125,0.08138275146484375,4.322039082995616,2.595339561928995,0.02354819781612605,1.672855654032901,0.02962467190809548,0.07634212297853082,1.0011661120224744,5.404882999020629,118.46260299088539
cse,9,513,576,0.016121595551099765,0.0,0.004028897680284487,0.30038450396797567,0.015625,0.0020151994438874707,0.0020151994438874707,0.0025989483586904534,0.0020151994438874707,0.6848478235739124,0.6848478235739124,0.5034225575616695,0.1814252660122429,0.841150772217126,0.9338010718701135,2.1896170484575053,1.9992538063023955,0.9141403210168303,0.01823216620974158,1.0,0.12890625,0.05889892578125,4.265456838998944,2.521395792020485,0.02603968302719295,1.6813179459422827,0.03598802792839706,0.005489918985404074,1.0164975670631975,5.293803434004076,120.03403605419223
cse,10,577,640,0.019953637446552038,0.0,0.004028897680284487,0.3041194188702788,0.05078125,0.0024942046808190048,0.0024942046808190048,0.003532776626064575,0.0024942046808190048,0.6736495753660783,0.6736495753660783,0.5179898325212059,0.15565974284487238,0.8500807910124409,0.9448171741167675,2.138224342120319,1.9472079283136177,0.9108993316957827,0.019484847663297077,1.0,0.126953125,0.073638916015625,4.361417059088126,2.5948071259772405,0.022455703001469374,1.7135128111112863,0.02996999293100089,0.005352851003408432,0.9803975360700861,5.352523662033491,117.3930383321442
cse,11,641,704,0.020707370033786483,0.010986844359036504,0.004578239898236312,0.3071113973066963,0.044921875,0.00258842125422331,0.00258842125422331,0.0035419780141110603,0.00258842125422331,0.6876542221427067,0.6876542221427067,0.5028584166787279,0.18479580546397886,0.8532037213336207,0.9487878927228662,2.186271229425678,1.9724702435314327,0.9042502321812131,0.019846207149892235,0.984375,0.125,0.07698822021484375,4.343492171028629,2.578953059972264,0.025093693868257105,1.7120474682888016,0.0267760461429134,0.004460836062207818,1.0002471129409969,5.353572199004702,117.87750037057113
cse,12,705,768,0.028485436405195637,0.0,0.004578239898236312,0.30951233538888906,0.04296875,0.0035606795506494546,0.0035606795506494546,0.004042659693359391,0.0035606795506494546,0.6455688347976327,0.6455688347976327,0.5079010635959744,0.1376677712016584,0.8500609609655441,0.9442812102274885,2.175105343929144,1.9808667000780102,0.911281304456451,0.018746055745004087,1.0,0.15234375,0.09637451171875,4.33211828104686,2.5900289859855548,0.022444054018706083,1.69064118899405,0.028343599988147616,0.006426778971217573,0.9984377380460501,5.3422604110091925,118.18698539234593
cse,13,769,832,0.01813471847126632,0.0,0.004578239898236312,0.3114443332441084,0.09375,0.0022668398089082894,0.0022668398089082894,0.0030874057614350982,0.0022668398089082894,0.6723469879766641,0.6723469879766641,0.5104365555902541,0.16191043238640987,0.8523698137469584,0.9467100206659473,2.168934204813765,1.972996222040898,0.9112747993030377,0.01925763507483138,1.0,0.130859375,0.0682373046875,4.249511045985855,2.5192301149945706,0.020575250149704516,1.678773953113705,0.030294970143586397,0.005723720998503268,0.9831581950420514,5.2453714238945395,120.48444973066773
cse,14,833,896,0.023608302849335676,5.7394479183949325e-06,0.0045785268706322315,0.31299879458909485,0.078125,0.0029510378561669595,0.0029510378561669595,0.0037256058362079274,0.0029510378561669595,0.6805711618001782,0.6805711618001782,0.5153087649209417,0.16526239687923655,0.8508518803765748,0.9446950977949301,2.144692489687709,1.9477777038295332,0.9094396108056425,0.01916971066598015,0.984375,0.138671875,0.080169677734375,4.375947401043959,2.5143322170479223,0.021045503090135753,1.8130930830957368,0.026848613983020186,0.005479917046613991,0.9772594060050324,5.365663622040302,117.00323451736496
cse,15,897,960,0.017125355984037305,0.0,0.0045785268706322315,0.31425131018022157,0.0625,0.002140669498004663,0.002140669498004663,0.0028950173457117,0.002140669498004663,0.6922072172886782,0.6922072172886782,0.5159803744961349,0.1762268427925433,0.8536750765363819,0.9489919434530893,2.173638506128093,1.9586848767092646,0.9015604970272604,0.019926499457791153,1.0,0.11328125,0.0573577880859375,4.240586079075001,2.5272455440135673,0.027092915028333664,1.652546633966267,0.032981783035211265,0.006023869034834206,0.9748408460291103,5.2266696819569916,120.7380278227208
cse,16,961,1024,0.023827744492001757,0.0004747766903885109,0.004602265705151657,0.31526514750057677,0.07421875,0.0029784680615002196,0.0029784680615002196,0.003792631742810802,0.0029784680615002196,0.6741514601391418,0.6741514601391418,0.5170092228205727,0.1571422373185693,0.8451523812773631,0.9376363848811767,2.1545803971135555,1.9881861406060846,0.9237374683815667,0.016783032406975748,0.984375,0.130859375,0.08721923828125,4.361557774944231,2.5987911770353094,0.024926629150286317,1.7083977782167494,0.02875239006243646,0.005397906992584467,0.9741363659268245,5.347004562965594,117.3892509096814
cse,17,1025,1088,0.020593573211774976,0.0,0.004602265705151657,0.31607842873524095,0.052734375,0.0025741966514718716,0.0025741966514718716,0.002891372160036855,0.0025741966514718716,0.6543504598255422,0.6543504598255422,0.49983553159156835,0.15451492823397384,0.8389997656260406,0.9292466918812511,2.163566110219964,2.001679291100671,0.9260753348263222,0.016170062873038477,1.0,0.125,0.07337188720703125,4.217641854076646,2.5036740800132975,0.02177564485464245,1.6645728830480948,0.02700750599615276,0.006105567910708487,0.9848973039770499,5.213816303992644,121.39484994561977
cse,18,1089,1152,0.020300624690326254,0.007694488014239326,0.004986990105863624,0.31672889938690496,0.078125,0.0025375780862907818,0.0025375780862907818,0.0036641841184938528,0.0025375780862907818,0.6798792801497626,0.6798792801497626,0.516519475298526,0.16335980485123658,0.8480199313401503,0.9428487373634843,2.1826786243712313,1.973263150604796,0.905539959396352,0.01919723895203107,0.984375,0.13671875,0.07172393798828125,4.2792520800139755,2.5062096880283207,0.025250221020542085,1.7160194519674405,0.031077289022505283,0.005617314018309116,0.9732044970151037,5.2644099270692095,119.64707627093749
cse,19,1153,1216,0.022367761180713416,0.011322024429081246,0.0055530913273176856,0.3172528421435224,0.068359375,0.0027959701475891766,0.0027959701475891766,0.0034833418104417355,0.0027959701475891766,0.689314135881478,0.689314135881478,0.502005669223764,0.18730846665771395,0.8493473085037654,0.9440789356937009,2.189881506913667,1.99125337806005,0.9102418698059318,0.019368975389809934,0.984375,0.130859375,0.07550811767578125,4.328102450002916,2.558615103014745,0.023926335969008505,1.714696683222428,0.030167667311616242,0.0060921909753233194,0.9699752629967406,5.309518202091567,118.29664521912022
cse,20,1217,1280,0.025739194110033878,0.0,0.0055530913273176856,0.31767408478655457,0.080078125,0.003217399263754235,0.003217399263754235,0.0044551398915261935,0.003217399263754235,0.6601185405671894,0.6601185405671894,0.5044851430160792,0.15563339755111016,0.8487423516294679,0.9431289707663154,2.1782184992562863,1.98954288075288,0.9144193081669064,0.019172403418826756,1.0,0.146484375,0.096405029296875,4.286317397956736,2.521239703055471,0.026348974904976785,1.7065929039381444,0.0314778087195009,0.004889639909379184,0.9699998049763963,5.266306238947436,119.4498569434143
cse,21,1281,1344,0.029581397532586103,9.391859011059173e-05,0.005557787256823215,0.3180085666111662,0.125,0.003697674691573263,0.003697674691573263,0.004692024889779655,0.003697674691573263,0.6657680624593232,0.6657680624593232,0.5105621553524341,0.15520590710688917,0.8622787916551593,0.9546876909824338,2.179856147031117,2.0032705547577656,0.9199014436673949,0.01801875605485911,0.984375,0.158203125,0.100830078125,4.310943205025978,2.5778226460097358,0.01934895513113588,1.6916888949926943,0.02151564892847091,0.006648638052865863,0.9343489130260423,5.257252269075252,118.76751227041846
cse,22,1345,1408,0.022874054646242425,0.016878766638889355,0.006401725588767683,0.31827144016504244,0.115234375,0.0028592568307803027,0.0028592568307803027,0.0038656739036109725,0.0028592568307803027,0.6554170057040576,0.6554170057040576,0.4978557706451867,0.15756123505887093,0.845445057141043,0.9386965634646856,2.183049826031615,1.9760635832936306,0.9075052972429056,0.021341443982448034,0.953125,0.14453125,0.0847320556640625,4.334567395970225,2.533123689936474,0.02028449613135308,1.7562483160290867,0.02436023182235658,0.005057736067101359,0.94874526001513,5.294924931018613,118.12020744584518
cse,23,1409,1472,0.02483447320993031,0.006227654237529821,0.006713108300644173,0.3184843342514388,0.078125,0.003104309151241288,0.003104309151241288,0.0043425069758857866,0.003104309151241288,0.6637794507375797,0.6637794507375797,0.509399044666615,0.15438040607096473,0.8448483426663889,0.9386682007255629,2.183799177846984,2.0051949094940262,0.9186366844553048,0.017895792278658167,0.984375,0.14453125,0.0909271240234375,4.212017265963368,2.534563430934213,0.023061237181536853,1.6238146299729124,0.029894888983108103,0.005623391014523804,0.9638452359940857,5.18652489001397,121.55695660067431
cse,24,1473,1536,0.023476315742604097,0.007044945923125779,0.007065355596800462,0.31865139544156107,0.21875,0.0029345394678255117,0.0029345394678255117,0.0035144346386341598,0.0029345394678255117,0.6796106939747669,0.6796106939747669,0.5060670802561652,0.17354361371860177,0.8500470857350689,0.9420844371255483,2.192415673724752,2.006649866445695,0.9160931812240825,0.017763616493724054,0.984375,0.1328125,0.07633209228515625,4.282373549067415,2.5249234749935567,0.025765234022401273,1.6890624980442226,0.04188973200507462,0.00591423490550369,0.8790831399383023,5.1740865730680525,119.55986420463009
cse,25,1537,1600,0.024505481048360915,0.012214070937686134,0.007676059143684769,0.3187821412321901,0.1875,0.0030631851310451144,0.0030631851310451144,0.003957096257959571,0.0030631851310451144,0.6760407960053931,0.6760407960053931,0.4989528433860496,0.17708795261934338,0.8458426267541936,0.9384293208294492,2.209892101300265,1.9769937626619845,0.8972784864772233,0.019864852994194736,0.984375,0.140625,0.0886383056640625,4.344578539021313,2.577797450008802,0.023948997957631946,1.7095415779622272,0.032631759997457266,0.005329863983206451,1.0692193639697507,5.424637543968856,117.84802493531083
cse,26,1601,1664,0.02633864328131289,0.013180548271503141,0.008335086557259926,0.31888779365037623,0.125,0.0032923304101641114,0.0032923304101641114,0.004431107220998774,0.0032923304101641114,0.6459379021481597,0.6459379021481597,0.5000666428988747,0.1458712592492851,0.837779616848386,0.9300937638792952,2.1559328645740345,1.9933513720604203,0.9264113505673992,0.016404666865579468,0.984375,0.171875,0.099029541015625,4.306381782051176,2.5125640579499304,0.023274759063497186,1.74209889175836,0.027839864953421056,0.004864224931225181,0.9413059270009398,5.259448564029299,118.89331367088612
cse,27,1665,1728,0.026615393772784837,0.009190035810616715,0.008794588347790762,0.3189660786733271,0.26171875,0.0033269242215981047,0.0033269242215981047,0.004032130519618862,0.0033269242215981047,0.6560480923922473,0.6560480923922473,0.5081063184104883,0.14794177398175898,0.8518423385212146,0.9459965376150832,2.204415095202082,1.9757055287574414,0.898803836515363,0.020249716702345592,0.984375,0.146484375,0.0821533203125,4.344985933974385,2.5651773849967867,0.02301896398421377,1.7257201308384538,0.030374223133549094,0.006890906952321529,0.8389112530276179,5.196309542050585,117.83697525843783
cse,28,1729,1792,0.025565425470385626,0.0,0.008794588347790762,0.3190332879360155,0.10546875,0.0031956781837982036,0.0031956781837982036,0.0040050419807592975,0.0031956781837982036,0.683948152464092,0.683948152464092,0.5249189956224851,0.15902915684160696,0.8476636870343568,0.9425694613392763,2.18359614117525,1.997223644343572,0.915131274075345,0.01909662901917064,1.0,0.146484375,0.0858154296875,4.255004603997804,2.5305879269726574,0.020439753076061606,1.6781344891060144,0.025247595738619566,0.004106849082745612,0.9497141340980306,5.212568416958675,120.32889447850388
cse,29,1793,1856,0.020991005337826628,0.009571226315384039,0.009273149663559964,0.3190930346246038,0.234375,0.002623875667228328,0.002623875667228328,0.003780290125587717,0.002623875667228328,0.6861143706986841,0.6861143706986841,0.5119694677013498,0.17414490299733426,0.8353518899261417,0.9298306277892998,2.2125936076755846,1.997872570141138,0.9065804771631383,0.020180460492583256,0.96875,0.146484375,0.0726318359375,4.325181966996752,2.5759414799977094,0.020934605970978737,1.7026275738608092,0.025055200094357133,0.006595825077965856,0.8582437820732594,5.196194311021827,118.37652239993825
cse,30,1857,1920,0.024130375247001457,0.0,0.009273149663559964,0.3191643785437522,0.171875,0.0030162969058751816,0.0030162969058751816,0.003995239306659513,0.0030162969058751816,0.6811891586129566,0.6811891586129566,0.5195190388642184,0.16167011974873827,0.8735214184043051,0.9679775411516577,2.1303718871219055,1.965135399669768,0.9233565275889767,0.018233822001732777,1.0,0.1640625,0.08892822265625,4.277212454937398,2.55337244796101,0.02245741500519216,1.670650786953047,0.03009234892670065,0.0066093349596485496,0.8980871309759095,5.187362428987399,119.70413099517023
cse,31,1921,1984,0.031031780656293483,0.009736889772728564,0.009759994152196392,0.31923808183945096,0.20703125,0.003878972582036686,0.003878972582036686,0.00533220117896061,0.003878972582036686,0.6588440512905325,0.6588440512905325,0.5149675231743607,0.14387652811617188,0.8553908737857463,0.947446274831798,2.152926657840132,1.948496467003588,0.9069939692140212,0.018403193502367732,0.984375,0.1640625,0.1114959716796875,4.423401248990558,2.573220605030656,0.025697097880765796,1.7924784418428317,0.03132632304914296,0.004913487005978823,0.9548345849616453,5.389474145020358,115.74803441511007
cse,32,1985,2048,0.02876533333639031,0.011236111885631214,0.010321799746477952,0.31931079636922083,0.1484375,0.0035956666670487886,0.0035956666670487886,0.004999031022491798,0.0035956666670487886,0.6564562209408762,0.6564562209408762,0.49806071109781364,0.15839550984306255,0.8630242464668536,0.9565896359427359,2.1597955325920184,1.9807930768033921,0.9191567503147566,0.017717757806460982,0.984375,0.162109375,0.0996246337890625,4.263791574980132,2.5306301689706743,0.02251110121142119,1.679738981067203,0.030266119865700603,0.006992062088102102,0.9157262860098854,5.191981223993935,120.08091647922207
cse,33,2049,2112,0.024549649845341418,0.0,0.010321799746477952,0.31938032289789275,0.09375,0.003068706230667677,0.003068706230667677,0.003953114922612454,0.003068706230667677,0.6596039013259842,0.6596039013259842,0.4985051414365534,0.16109875988943076,0.8371759957569809,0.931110643275219,2.1718429873306007,1.9924172374083826,0.9184322787748469,0.017422224626796816,1.0,0.15625,0.08837127685546875,4.386313509894535,2.598396438988857,0.024796243058517575,1.7316222671652213,0.03083191206678748,0.004868799005635083,1.1695793350227177,5.56750731903594,116.72672253021663
cse,34,2113,2176,0.02914997082307936,0.0,0.010321799746477952,0.3194420754046891,0.201171875,0.0036437463528849194,0.0036437463528849194,0.0047401816172583325,0.0036437463528849194,0.6654432853158545,0.6654432853158545,0.4973324250809433,0.16811086023491123,0.8397345111402255,0.9326884262066835,2.1913977014058195,1.99314411651934,0.9103050632832181,0.018423148972437152,1.0,0.1640625,0.09531402587890625,4.316552844946273,2.575918745016679,0.023802223964594305,1.6861788609530777,0.02996224886737764,0.006143014063127339,1.068293033982627,5.396347775938921,118.61316619798565
cse,35,2177,2240,0.02515234341094955,0.0,0.010321799746477952,0.31949164137490593,0.1328125,0.0031440429263686937,0.0031440429263686937,0.0035170853005900915,0.0031440429263686937,0.6758466765871587,0.6758466765871587,0.5053611611005706,0.17048551548658786,0.8393595956573183,0.9371359664125131,2.1898188880268896,2.000767926885767,0.9137451709566452,0.018344988592385085,1.0,0.150390625,0.087890625,4.369674663990736,2.546524763922207,0.025700327940285206,1.766394530190155,0.030328646069392562,0.0057295459555462,1.1212668620282784,5.502937157987617,117.17119451002806
cse,36,2241,2304,0.03001514844432299,0.0,0.010321799746477952,0.31952503035214613,0.228515625,0.0037518935555403733,0.0037518935555403733,0.005057413310538007,0.0037518935555403733,0.6599652642740912,0.6599652642740912,0.5146765718181365,0.1452886924559547,0.848230428222745,0.9428444953905216,2.1735588665668346,1.9825065355048546,0.9117336055001989,0.018501126601204086,1.0,0.181640625,0.0992431640625,4.242517092963681,2.5435170920100063,0.021451083943247795,1.6504144608043134,0.026520316838286817,0.002734477980993688,1.0304399690357968,5.279355335049331,120.68307299201331
cse,37,2305,2368,0.025518174632358826,0.0,0.010321799746477952,0.31954197355561176,0.17578125,0.0031897718290448533,0.0031897718290448533,0.004325879539996335,0.0031897718290448533,0.6701947903548297,0.6701947903548297,0.5136552025308583,0.15653958782397134,0.8396600273204435,0.932480888695099,2.1643180125857704,2.0082433056784623,0.9300470574440338,0.01651800360096023,1.0,0.169921875,0.0922698974609375,4.315216229995713,2.534563453984447,0.02302552596665919,1.728321686037816,0.028670634957961738,0.005542069906368852,1.159859286970459,5.487027826020494,118.64990598640493
cse,38,2369,2432,0.0358909082645336,2.8227955045611548e-06,0.01032194088625318,0.3195484654724503,0.232421875,0.0044863635330667,0.0044863635330667,0.005947818018982519,0.0044863635330667,0.6755569683882023,0.6755569683882023,0.513327278938061,0.16222968945014152,0.8431358798728715,0.9368714378616405,2.1740314296460674,1.9946969931939036,0.9184958237819953,0.01748323263400986,0.984375,0.177734375,0.11627197265625,4.3690688129281625,2.6460966870654374,0.022226623143069446,1.6694212019210681,0.03064617794007063,0.005469045019708574,1.0397134980885312,5.419622158980928,117.18744243280895
cse,39,2433,2496,0.027049417606234707,0.010848847429882208,0.01086438325774729,0.31955112235561334,0.3125,0.0033811772007793384,0.0033811772007793384,0.004483531560128637,0.0033811772007793384,0.6793191159874418,0.6793191159874418,0.5008264678702941,0.17849264811714777,0.8300516624986978,0.9252103694015782,2.1916254511799256,1.9640757139949263,0.8997860145746428,0.020095812522433178,0.984375,0.15625,0.0915679931640625,4.248430323088542,2.516746190027334,0.0253330422565341,1.6750961849465966,0.030593407922424376,0.0027699549682438374,0.9646827499382198,5.219401462003589,120.51509876894582
cse,40,2497,2560,0.025608697843576902,0.013280621133126783,0.011528414314403629,0.31955680212871135,0.328125,0.0032010872304471132,0.0032010872304471132,0.004806628488133468,0.0032010872304471132,0.644314106214427,0.644314106214427,0.49183892076156727,0.1524751854528597,0.8551326734849007,0.9516907171545415,2.219047211372456,2.022078175010029,0.9121875639293071,0.019840560639616006,0.984375,0.18359375,0.0999908447265625,4.330649754963815,2.576323476037942,0.02419204986654222,1.7003978589782491,0.029022420872934163,0.006397180026397109,0.9528082970064133,5.295438766013831,118.22706267417325
cse,41,2561,2624,0.03150934397974475,0.013283305287115554,0.012192579578759407,0.3195626009228238,0.2421875,0.003938667997468094,0.003938667997468094,0.0052025779648316,0.003938667997468094,0.6600191859699982,0.6600191859699982,0.5054273959585994,0.15459179001139883,0.8338255785163411,0.9261077852875055,2.1631648906586185,1.9746055843032382,0.914265336399773,0.017896273876887712,0.984375,0.1953125,0.113372802734375,4.318072862923145,2.5762552180094644,0.022877891082316637,1.6878572449786589,0.030441195936873555,0.006836681044660509,1.0232177790021524,5.353405399015173,118.57141281617896
cse,42,2625,2688,0.028620715681354505,0.01384145482691523,0.012884652320105168,0.31956074127603684,1.0,0.003577589460169313,0.003577589460169313,0.0049721457280597296,0.003577589460169313,0.6572299478491384,0.6572299478491384,0.4985644953055264,0.15866545254361195,0.8621310761762309,0.9528213445342786,2.1788448252325168,1.9802136085158804,0.9107596832724472,0.019451682361612994,0.96875,0.16796875,0.103424072265625,4.309785646968521,2.54467706696596,0.026985159958712757,1.7053354900563136,0.032059188233688474,0.005593406036496162,0.3614133250666782,4.682986530009657,118.79941183620997
cse,43,2689,2752,0.026752684424763654,0.0,0.012884652320105168,0.3195528673082077,1.0,0.0033440855530954567,0.0033440855530954567,0.0044273994650786816,0.0033440855530954567,0.661143018286132,0.661143018286132,0.5097113925625849,0.15143162572354707,0.8699224761910164,0.9629188613694484,2.166930831204679,1.9918365729996557,0.9197450891581562,0.017248460383770623,1.0,0.1640625,0.10492706298828125,4.282186971977353,2.5501423509558663,0.021441695047542453,1.6796514289453626,0.03029878286179155,0.004359532962553203,0.3262199080782011,4.618033459992148,119.56507348944122
cse,44,2753,2816,0.04086623991093326,0.0,0.012884652320105168,0.31954351363529115,1.0,0.005108279988866657,0.005108279988866657,0.006595245776829293,0.005108279988866657,0.665985077174758,0.665985077174758,0.5146665305503618,0.15131854662439614,0.8309763209448116,0.923960343399798,2.1500106362613383,1.9700777907586837,0.9176035927744882,0.017961898298040627,1.0,0.1953125,0.1255340576171875,4.304017083020881,2.5393918940098956,0.024649769417010248,1.707569117192179,0.031715464196167886,0.004651647061109543,0.3210432850755751,4.636084494995885,118.95863564757046
cse,45,2817,2880,0.03143181603777476,0.0,0.012884652320105168,0.3195415946075709,1.0,0.003928977004721844,0.003928977004721844,0.0053377040037228965,0.003928977004721844,0.6685802090835306,0.6685802090835306,0.5224195621922525,0.146160646891278,0.8421887489376174,0.9340167234018486,2.1347346074397966,1.9714890551834205,0.9246119044654151,0.016619959090843024,1.0,0.173828125,0.1066131591796875,4.264438258949667,2.5724663520231843,0.01960914593655616,1.6472719189478084,0.024511528899893165,0.004184989957138896,0.32619890104979277,4.600127691985108,120.06270671769693
cse,46,2881,2944,0.03045904294127867,0.0,0.012884652320105168,0.3195435106325555,0.203125,0.0038073803676598335,0.0038073803676598335,0.005366895172365831,0.0038073803676598335,0.6590494875152958,0.6590494875152958,0.49818752244740494,0.16086196506789083,0.8386271110090127,0.9324643484479094,2.1924712287066104,2.007690124070737,0.9164677480085024,0.018312843193817957,1.0,0.16796875,0.098480224609375,4.288489596918225,2.534975260961801,0.02074315503705293,1.705664354027249,0.026536820107139647,0.0069253259571269155,0.8894941040780395,5.190219979034737,119.38935339097735
cse,47,2945,3008,0.030890422379030204,0.013771169790024865,0.013573210809606412,0.3195488419810211,0.205078125,0.0038613027973787755,0.0038613027973787755,0.005018917573927262,0.0038613027973787755,0.6572073117373378,0.6572073117373378,0.5015757430620154,0.15563156867532246,0.8426905122796604,0.9372741768028833,2.165865328023343,1.9961602313575852,0.9223504389526567,0.017619364067220342,0.984375,0.15625,0.09665679931640625,4.41373371204827,2.5823162300512195,0.02213294105604291,1.7778600860619918,0.030731081031262875,0.005026030004955828,0.874255252070725,5.298607467091642,116.00156090123468
cse,48,3009,3072,0.029975666507688195,0.009031298414174813,0.014024775730315152,0.31955391779991216,0.123046875,0.003746958313461025,0.003746958313461025,0.005089706262041538,0.003746958313461025,0.6742956336214527,0.6742956336214527,0.5056605493172315,0.16863508430422125,0.8218173058494823,0.9160288520782678,2.1811157711449662,2.002434231977814,0.9195412076267129,0.017395057887046518,0.984375,0.1796875,0.09703826904296875,4.245344126946293,2.541997544001788,0.022700443863868713,1.6499019750626758,0.030094061978161335,0.006507422076538205,0.9366608099080622,5.1939102238975465,120.60270844716783
cse,49,3073,3136,0.030303075293724113,0.013610718286537232,0.014705311644642014,0.31955993814337263,0.09765625,0.003787884411715514,0.003787884411715514,0.005217681378135858,0.003787884411715514,0.668785650529004,0.668785650529004,0.5123478523128271,0.1564377982161768,0.847544461249788,0.9405045010867397,2.1614868740218385,1.9676031058064796,0.9114894748522527,0.019051380631457157,0.984375,0.193359375,0.10639190673828125,4.245246992097236,2.5337326979497448,0.018513788003474474,1.6713129411218688,0.021153132896870375,0.008325195056386292,0.9589528118958697,5.219500525039621,120.60546793934877
cse,50,3137,3200,0.03652306279726511,0.009929322972041806,0.015201777793244104,0.3195703327103942,0.201171875,0.004565382849658139,0.004565382849658139,0.006840158622642807,0.004565382849658139,0.6561677293002993,0.6561677293002993,0.5043085319481382,0.15185919735216116,0.8305810359749586,0.921773301730699,2.169892943937353,2.005272039075112,0.9248595575119121,0.0162647315786046,0.96875,0.20703125,0.12433624267578125,4.2232898770598695,2.551149035920389,0.017320748884230852,1.6368301960173994,0.017494285129942,0.002908302005380392,0.8868048859294504,5.116409439011477,121.23250236293025
cse,51,3201,3264,0.0314089079924031,0.009042003586592687,0.015653877972573737,0.31958060933868415,0.16796875,0.003926113499050387,0.003926113499050387,0.005304428908957233,0.003926113499050387,0.6712456479336311,0.6712456479336311,0.4932055235405469,0.17804012439308414,0.8223186516085825,0.9143736931897883,2.2005115717072616,1.9946754035360668,0.9082889510293015,0.01801774584073987,0.984375,0.18359375,0.1006317138671875,4.35552139300853,2.5647647259756923,0.023047881200909615,1.738658064743504,0.02834972774144262,0.006618140963837504,0.9040514869848266,5.272177456063218,117.55194241999611
cse,52,3265,3328,0.027109256289040942,0.02638243744771445,0.01697299984495946,0.3195864609957216,0.234375,0.0033886570361301178,0.0033886570361301178,0.004781970492185786,0.0033886570361301178,0.6640455297771156,0.6640455297771156,0.50477826128901,0.15926726848810568,0.8322786451241808,0.9264001976087866,2.2097098746455943,2.0128576542059853,0.9124337686403324,0.018187756028838688,0.96875,0.177734375,0.098785400390625,4.252077739103697,2.512060254928656,0.021498046000488102,1.6878065429627895,0.03008931304793805,0.006127681001089513,0.8554787049070001,5.119194100028835,120.41172137834087
cse,53,3329,3392,0.0348648660123158,0.011929377440753017,0.01756946871699711,0.3195920885508757,0.2109375,0.0043581082515394744,0.0043581082515394744,0.00556841682699125,0.0043581082515394744,0.654820383023067,0.654820383023067,0.512969870181224,0.14185051284184297,0.8411622182448293,0.9343163323862048,2.186525544109403,1.9440845106832785,0.8914469619858449,0.021671530641812466,0.96875,0.171875,0.10546875,4.376760885934345,2.531661543995142,0.024774816818535328,1.7872203839942813,0.03242983901873231,0.006968406960368156,0.8741479539312422,5.263541891006753,116.98148775854335
cse,54,3393,3456,0.028159054942437096,0.024028900877928416,0.01877091376089353,0.31960206844048006,0.20703125,0.0035198818678046375,0.0035198818678046375,0.005108944095803777,0.0035198818678046375,0.6982799354776302,0.6982799354776302,0.4996564887021224,0.19862344677550778,0.8360448640981076,0.9317873569023389,2.2117695483348396,2.0228073823572132,0.916039749648049,0.01932573442159337,0.96875,0.154296875,0.08997344970703125,4.285109207034111,2.548785840976052,0.02273946290370077,1.6823749670293182,0.030556984711438417,0.0066084659192711115,0.9892124969046563,5.286032114061527,119.48353595272194
cse,55,3457,3520,0.037032794429098195,4.500414955934797e-06,0.018771138781641324,0.3196195743980015,0.244140625,0.004629099303637274,0.004629099303637274,0.006483095321336998,0.004629099303637274,0.6490089685245204,0.6490089685245204,0.49026788214106476,0.15874108638345558,0.8343108254642668,0.9277183262210478,2.196955404154468,1.9888408077708992,0.9056469579704473,0.018889882328207055,0.984375,0.208984375,0.1225128173828125,4.358434492954984,2.5907855889527127,0.02413263823837042,1.7131193267414346,0.029747755033895373,0.005073606967926025,0.7718626969726756,5.140524816000834,117.47337279649419
cse,56,3521,3584,0.03340888541141285,0.0,0.018771138781641324,0.3196420993274416,0.166015625,0.004176110676426606,0.004176110676426606,0.00585280919987255,0.004176110676426606,0.6563184790621972,0.6563184790621972,0.492614682475097,0.1637037965871003,0.8141735514755423,0.9064209849703602,2.191945715987722,1.9984751384660582,0.9132691077884634,0.01741751959815989,1.0,0.177734375,0.1107177734375,4.303747848956846,2.5448311989894137,0.02261364576406777,1.7063768140506,0.02930033707525581,0.005337879061698914,0.9107105999719352,5.226720809005201,118.96607746759605
cse,57,3585,3648,0.03656293369349583,0.01064706837729527,0.01930349220050609,0.3196636666814375,0.197265625,0.0045703667116869795,0.0045703667116869795,0.006336341316379777,0.0045703667116869795,0.6745935901413448,0.6745935901413448,0.5244535278551543,0.15014006228619034,0.827445414155129,0.9222185471120898,2.1534125476162886,1.9532564350457886,0.9100325343423692,0.02076164220575885,0.984375,0.18359375,0.11727142333984375,4.207607366959564,2.5035355750005692,0.020933453924953938,1.6523439112352207,0.030124011798761785,0.007067266968078911,0.8803150779567659,5.100613127928227,121.68435772322869
cse,58,3649,3712,0.030605026284269435,0.007694870835954418,0.01968823574230381,0.31967676463489686,0.150390625,0.0038256282855336794,0.0038256282855336794,0.004652837908998195,0.0038256282855336794,0.655195729664219,0.655195729664219,0.5060783478460329,0.1491173818181862,0.8506018401162556,0.9428162176527974,2.1378921953647487,1.9652591651157982,0.9196571032740557,0.01658176330088912,0.984375,0.1640625,0.096405029296875,4.332261206000112,2.5182119930395856,0.024160007014870644,1.7475752067985013,0.04166956676635891,0.005279664066620171,0.9215962019516155,5.267665280029178,118.18308630395791
cse,59,3713,3776,0.034580747525400066,0.014004852172786362,0.02038847835094313,0.3196785940614326,0.26953125,0.004322593440675008,0.004322593440675008,0.006678961936057102,0.004322593440675008,0.6580909648391141,0.6580909648391141,0.4968799101833882,0.16121105465572588,0.8253791390123131,0.9205659363314307,2.215153996707454,2.0116058538413064,0.9089790591326758,0.018259352007810634,0.984375,0.185546875,0.1129302978515625,4.25335097592324,2.509581336984411,0.02413442579563707,1.6888796648709103,0.030055762035772204,0.006748398998752236,0.9089415620546788,5.174548838986084,120.37567623698497
cse,60,3777,3840,0.03699936108971598,0.012108448007450257,0.020993900751315644,0.31967037748953997,1.0,0.004624920136214497,0.004624920136214497,0.005945091084466636,0.004624920136214497,0.6283471860736951,0.6283471860736951,0.49374009944079666,0.13460708663289844,0.8329988359519624,0.9277104009364331,2.2011089955913246,2.006266082083343,0.9142212651179885,0.01972858752876041,0.96875,0.20703125,0.12683868408203125,4.448591927066445,2.680354726035148,0.024440338253043592,1.7094483209075406,0.03360920608974993,0.004960492020472884,0.330130313988775,4.789434127043933,115.09259747670998
cse,61,3841,3904,0.03067858572541543,0.0,0.020993900751315644,0.31966024806388793,1.0,0.003834823215676929,0.003834823215676929,0.005367497944825039,0.003834823215676929,0.6701228849973345,0.6701228849973345,0.5045342186872914,0.165588666310043,0.8256492586842741,0.9217219558363575,2.2104931202807907,2.003427747354207,0.9075552086364435,0.01939724509585672,1.0,0.166015625,0.09845733642578125,4.351176890078932,2.567788940970786,0.021866729017347097,1.73060246813111,0.030281760962679982,0.004945541033521295,0.32266906008590013,4.684258863911964,117.6693140578599
cse,62,3905,3968,0.02988425582103512,4.8586183548780376e-06,0.020994143682233388,0.31965236803814095,1.0,0.00373553197762939,0.00373553197762939,0.005175684217555155,0.00373553197762939,0.6638593648679099,0.6638593648679099,0.5034310672454112,0.16042829762249872,0.8322808203425134,0.9239664291310054,2.1682881362501725,2.009243806327006,0.9283087920698103,0.015826014958874104,1.0,0.177734375,0.0935516357421875,4.290522370953113,2.5028631179593503,0.026162398047745228,1.7279884408926591,0.032817195169627666,0.005054797977209091,0.32108705898281187,4.622576553025283,119.33278881523752
cse,63,3969,4032,0.03025636440593553,0.0004848465797927812,0.021018386011223026,0.3196521429615626,1.0,0.0037820455507419416,0.0037820455507419416,0.005238773528669654,0.0037820455507419416,0.6602840400223522,0.6602840400223522,0.4993042808298515,0.16097975919250077,0.8354619069661582,0.9297053067136702,2.2047067891795744,1.992290170625978,0.905519500332893,0.01873294968768001,0.953125,0.177734375,0.1095428466796875,4.271974982926622,2.5164338659960777,0.022562698228284717,1.7037857270333916,0.028537347679957747,0.004314849968068302,0.32749006792437285,4.608791487989947,119.85088911949614
cse,64,4033,4096,0.03224481893379512,0.011415831939313035,0.021589177608188678,0.31966320024160316,0.109375,0.00403060236672439,0.00403060236672439,0.004975930132211776,0.00403060236672439,0.6730329647198801,0.6730329647198801,0.5141159870959802,0.15891697762389986,0.8612776735635445,0.9548120760350216,2.167241974876309,1.9619626462071071,0.9060742674121627,0.019272703707974494,0.984375,0.189453125,0.1088714599609375,4.3289552830392495,2.575823163962923,0.019490273902192712,1.711495129042305,0.021616685087792575,0.0035761010367423296,0.9516942310146987,5.288412334048189,118.27333999175382
cse,65,4097,4160,0.030102509987159028,0.012691074626679216,0.02222373133952264,0.31968178873312725,0.142578125,0.003762813748394878,0.003762813748394878,0.0049838440988896615,0.003762813748394878,0.6525831209196825,0.6525831209196825,0.5142746921468375,0.138308428772845,0.8300537713628116,0.9225597799800525,2.170079041174091,1.988570717386848,0.9175808791155025,0.0165509248031834,0.984375,0.185546875,0.0981903076171875,4.362227806937881,2.6109083350747824,0.020450480980798602,1.704096929053776,0.02614447905216366,0.005608994048088789,0.9235822909977287,5.296710471971892,117.3712200875187
cse,66,4161,4224,0.03946267081478573,0.0004886643764564114,0.02224816455834546,0.3197020534467378,0.146484375,0.004932833851848215,0.004932833851848215,0.006513933864704842,0.004932833851848215,0.6935231793340492,0.6935231793340492,0.4942762040572032,0.19924697527684593,0.8273294989397202,0.920887027823351,2.1999851070281826,2.0181194693523983,0.9173728979297735,0.017914275450943123,0.96875,0.21875,0.11696624755859375,4.3283077399246395,2.5149348720442504,0.0232828960288316,1.7594933626241982,0.02995674591511488,0.005214749951846898,0.9241738599957898,5.264876362052746,118.2910344560931
cse,67,4225,4288,0.03338113120109517,0.0001892970409589631,0.022257629410393408,0.3197254121844173,0.130859375,0.004172641400136896,0.004172641400136896,0.005845853743248846,0.004172641400136896,0.6539916230969074,0.6539916230969074,0.5070203954684082,0.14697122762849912,0.8436972697749412,0.9378883625838501,2.180478792930363,1.9823111239096034,0.9108875984378502,0.01861642870077348,0.984375,0.193359375,0.1096954345703125,4.213696832070127,2.50935163104441,0.021393192117102444,1.652461325051263,0.029831102001480758,0.00672956695780158,0.9244660479016602,5.15035806898959,121.50850438579415
cse,68,4289,4352,0.04317207631744101,0.01884886638602823,0.02320007272969482,0.31975386087894087,0.20703125,0.005396509539680126,0.005396509539680126,0.008234549480054117,0.005396509539680126,0.6611417384843647,0.6611417384843647,0.5037121703428175,0.15742956814154724,0.8447382453557364,0.9395556746362999,2.1888715174190567,1.9625703962122398,0.8984444340089042,0.02051754170888373,0.96875,0.20703125,0.1339263916015625,4.312316812924109,2.5558715229853988,0.023277913220226765,1.6989173617912456,0.03142529109027237,0.006075390963815153,0.9436692050658166,5.269561177003197,118.72968109984977
cse,69,4353,4416,0.03126549990259936,7.998086420985685e-05,0.023204071772905312,0.31978936150379217,0.171875,0.00390818748782492,0.00390818748782492,0.00564761194132014,0.00390818748782492,0.6611761976657251,0.6611761976657251,0.5035148442812272,0.157661353384498,0.8513352533094897,0.9460537171454616,2.1900645554587586,2.0170875168278637,0.9216179405881604,0.01676030511019936,0.984375,0.1953125,0.1117401123046875,4.384913712972775,2.605475796968676,0.022356191999278963,1.726253342232667,0.03017930395435542,0.006845736992545426,0.906574398977682,5.303962531033903,116.76398522626502
cse,70,4417,4480,0.04133350269742148,0.011845416632087746,0.0237963426045097,0.3198304330018032,0.19140625,0.005166687837177686,0.005166687837177686,0.006927305083614689,0.005166687837177686,0.6975114240094873,0.6975114240094873,0.5359929261211793,0.16151849788830813,0.8438788468155132,0.9337368202467211,2.132372408155452,1.952048006764695,0.9150411244618855,0.01757851571919473,0.96875,0.232421875,0.13321685791015625,4.384521510917693,2.573691996978596,0.024030053988099098,1.7559410471003503,0.030140647781081498,0.0049941749311983585,0.8871734390268102,5.282603605068289,116.77442994066573
cse,71,4481,4544,0.04008915055752018,0.007912107706944484,0.024191947989856924,0.3198805954112086,0.126953125,0.005011143819690023,0.005011143819690023,0.007424817465855566,0.005011143819690023,0.6586292812485057,0.6586292812485057,0.5178244116615576,0.14080486958694804,0.8527076637586708,0.9464502208194372,2.158018186806427,1.9760480468549082,0.9170604629386276,0.01752191342084997,0.984375,0.216796875,0.13262939453125,4.280068219057284,2.5120084460359067,0.022626148769631982,1.7162529501365498,0.028585937106981874,0.0070564389461651444,0.8558905520476401,5.148154492955655,119.62426152935751
cse,72,4545,4608,0.031333541294746844,3.484576878215791e-06,0.024192122218700835,0.3199375466452356,0.1171875,0.0039166926618433556,0.0039166926618433556,0.005513274738495428,0.0039166926618433556,0.664917602462122,0.664917602462122,0.5156265179745941,0.14929108448752787,0.8351115389084497,0.9288866456820578,2.165255110420375,1.9952108949487266,0.9222220279123021,0.017218499280778548,1.0,0.203125,0.10874176025390625,4.393634138046764,2.5719885459402576,0.018859038944356143,1.7784472659695894,0.0238339799689129,0.006777644972316921,1.0026448239805177,5.409441585070454,116.53223366195324
cse,73,4609,4672,0.03942182507059013,0.0064663254630618824,0.02451543849185393,0.31999337769838787,0.212890625,0.0049277281338237664,0.0049277281338237664,0.006843527936112636,0.0049277281338237664,0.661433918275653,0.661433918275653,0.49661070763078935,0.16482321064486372,0.8507575522112274,0.9425666757506221,2.1995456068993997,1.9934765991960715,0.9081822689693362,0.019267776740662705,0.984375,0.21484375,0.1266021728515625,4.31132631492801,2.5377851739758626,0.024656407185830176,1.7166844898601994,0.03147107700351626,0.007326251012273133,0.918838610057719,5.243635074933991,118.75695843926147
cse,74,4673,4736,0.03205808220170583,0.014077927635422642,0.02521933487362506,0.32005396210681725,0.125,0.004007260275213228,0.004007260275213228,0.006279541414029629,0.004007260275213228,0.6567563390677544,0.6567563390677544,0.49985240543492143,0.1569039336328331,0.82742936513254,0.9221634541774718,2.209547211877258,2.0306516897135447,0.9214513829186572,0.018376459522150747,0.984375,0.205078125,0.11289215087890625,4.293455002014525,2.50971582706552,0.023682508850470185,1.7294070738134906,0.030005056876689196,0.005245961016044021,1.015199895016849,5.3210242569912225,119.25127892565901
cse,75,4737,4800,0.028594635797340943,0.0,0.02521933487362506,0.3201193658631517,0.19140625,0.003574329474667618,0.003574329474667618,0.004937577907757784,0.003574329474667618,0.6542172125080499,0.6542172125080499,0.5063805495316185,0.1478366629764315,0.838250622610536,0.929771233225597,2.148725746347242,1.9577013866858692,0.9131202077948459,0.017864940740840288,1.0,0.1875,0.09600830078125,4.49277854396496,2.7204687939956784,0.02116308407858014,1.7202157897409052,0.030300095910206437,0.006896404083818197,0.8888765110168606,5.394061679951847,113.96065819619736
cse,76,4801,4864,0.036580578806029475,0.012641205329247878,0.025851395140087455,0.32018369044648043,0.150390625,0.004572572350753684,0.004572572350753684,0.006566256769866951,0.004572572350753684,0.6497229018632045,0.6497229018632045,0.5120318395719996,0.13769106229120479,0.8693988820663584,0.9623203631325622,2.1567344205164636,1.9739878155368702,0.9157872677793026,0.01739325892734763,0.984375,0.205078125,0.1188812255859375,4.294240058050491,2.5698152070399374,0.022733670310117304,1.6710805678740144,0.02996283082757145,0.006790515035390854,0.9296346720075235,5.236056560068391,119.22947787703302
cse,77,4865,4928,0.036202508982048014,0.00044637005783385904,0.02587371364297915,0.3202425263250145,0.16796875,0.004525313622756001,0.004525313622756001,0.006366104871198281,0.004525313622756001,0.6652175600657633,0.6652175600657633,0.50069498215536,0.16452257791040326,0.8311688684542308,0.921902926991095,2.153347923513792,1.969953076269002,0.9156140753475153,0.016648111032148805,0.984375,0.1796875,0.1158599853515625,4.362218363094144,2.583296495024115,0.02275362703949213,1.7263583259191364,0.029098519938997924,0.00597359100356698,0.9141960220877081,5.2883838979760185,117.3714741865503
cse,78,4929,4992,0.03131885706741736,0.0,0.02587371364297915,0.32030235281317043,0.21484375,0.00391485713342717,0.00391485713342717,0.005932585768018045,0.00391485713342717,0.6773880233668781,0.6773880233668781,0.5050279837181094,0.17236003964876861,0.8309269595057303,0.9245711726209536,2.178117458739324,1.9720048600612723,0.9061788021153911,0.01818823300000937,1.0,0.166015625,0.10356903076171875,4.328845707932487,2.545178927015513,0.024030438857153058,1.7290119179524481,0.029895689920522273,0.005351193016394973,0.8735576129984111,5.213388414005749,118.27633381845293
cse,79,4993,5056,0.040642825717198836,0.011524920238773178,0.026449959654917806,0.3203597206313667,0.17578125,0.005080353214649854,0.005080353214649854,0.006903017386935941,0.005080353214649854,0.6499118387023237,0.6499118387023237,0.5127520803224155,0.13715975837990835,0.853876465644694,0.9445832515580512,2.1267682411104794,1.9282251989427244,0.9083747672714897,0.018870123088683806,0.984375,0.193359375,0.1273193359375,4.313060275977477,2.5721177619416267,0.02429766522254795,1.6852885097032413,0.030627193045802414,0.005608453997410834,1.0107544109923765,5.335097700939514,118.70921509066191
cse,80,5057,5120,0.03777988889908585,0.02442598793667356,0.027671259051751485,0.32041678025730175,0.203125,0.0047224861123857315,0.0047224861123857315,0.005857767964390265,0.0047224861123857315,0.6993563463830585,0.6993563463830585,0.5124267524428148,0.18692959394024386,0.8246776873830615,0.9173478769872603,2.198176403084865,2.002599377600954,0.9124472725804258,0.018172220002457697,0.96875,0.20703125,0.1197357177734375,4.275625198031776,2.5711014000698924,0.020632470026612282,1.6554024259094149,0.02795421308837831,0.005535317002795637,0.8807361060753465,5.167269169003703,119.74856922344176
cse,81,5121,5184,0.03623746194510942,0.0,0.027671259051751485,0.3204674011211715,0.072265625,0.0045296827431386775,0.0045296827431386775,0.006622481178944907,0.0045296827431386775,0.6569652792458583,0.6569652792458583,0.5061577629775251,0.1508075162683333,0.871312946161148,0.9630293962537627,2.1493238774373586,1.9797877520297193,0.921645636663509,0.016679013931110757,1.0,0.201171875,0.11591339111328125,4.310689146979712,2.5203368730144575,0.02167139865923673,1.7368947200011462,0.031199791934341192,0.005983814015053213,1.04697348899208,5.3701322950655594,118.77451204263551
cse,82,5185,5248,0.03533475011150166,0.02956169599866397,0.029149343851684682,0.3205095796692809,0.22265625,0.004416843763937708,0.004416843763937708,0.006653670557425053,0.004416843763937708,0.6674442304945785,0.6674442304945785,0.5008172579701519,0.16662697252442663,0.8578754302297432,0.9505676088394897,2.1854137361043096,1.9906598456889684,0.9114288858651618,0.017069501479828567,0.953125,0.205078125,0.11810302734375,4.252643460058607,2.530106464982964,0.02170930104330182,1.6731081638718024,0.027166588813997805,0.007186308037489653,0.9823649419704452,5.247219588956796,120.39570323935503
cse,83,5249,5312,0.04128873485400461,0.012359544639737903,0.029767321083671576,0.3205450570995606,0.205078125,0.005161091856750577,0.005161091856750577,0.007155521626253259,0.005161091856750577,0.6497719166207445,0.6497719166207445,0.49691907000259017,0.1528528466181544,0.8516465513258467,0.9418888825053435,2.1513536069461225,1.9770575745299204,0.9207637246821319,0.016022801503109366,0.96875,0.216796875,0.125091552734375,4.30946511705406,2.5325648790458217,0.022448659990914166,1.7241906139533967,0.029633949976414442,0.005180099979043007,0.8953816320281476,5.21542829903774,118.80824791314286
cse,84,5313,5376,0.036826204291458935,0.0001206431516523942,0.029773353241254196,0.3205781603141548,0.224609375,0.004603275536432367,0.004603275536432367,0.0061951720226756605,0.004603275536432367,0.6654306345484529,0.6654306345484529,0.5104552986526366,0.15497533589581614,0.8394647197030944,0.9332746422223408,2.129644487710334,1.9617197388520342,0.9221827054537153,0.017754316506455838,0.984375,0.203125,0.12226104736328125,4.307186655001715,2.5385758879128844,0.024154084851033986,1.7103020750219002,0.033451012102887034,0.007018928066827357,0.9776002019643784,5.297565049026161,118.87109638154192
cse,85,5377,5440,0.033825395740005856,0.0,0.029773353241254196,0.3206081517450065,0.21484375,0.004228174467500732,0.004228174467500732,0.0060276451831333885,0.004228174467500732,0.667217680260821,0.667217680260821,0.5056428499957839,0.16157483026503708,0.8376056976983517,0.9296586591748472,2.1675452089039,1.9538620247160097,0.9041330516283905,0.019556132592819762,1.0,0.193359375,0.11618804931640625,4.226438391953707,2.5181243870174512,0.022251169779337943,1.6553866099566221,0.030006636050529778,0.006994929048232734,0.8776300830068067,5.116370468982495,121.14218936084472
cse,86,5441,5504,0.036834176414214534,0.0,0.029773353241254196,0.32063496326295515,0.087890625,0.004604272051776817,0.004604272051776817,0.006553102318513552,0.004604272051776817,0.6758398980829887,0.6758398980829887,0.5152609642750481,0.16057893380794058,0.828105986329656,0.9203781942677407,2.147181548665347,1.9413585124219732,0.9044943795196381,0.019936627764932487,1.0,0.205078125,0.111846923828125,4.378013351000845,2.564565501990728,0.026534584816545248,1.7551725619705394,0.03104877914302051,0.0031482370104640722,0.9721133479615673,5.3572369469329715,116.94802161417647
cse,87,5505,5568,0.03780211572137675,0.009363117242296375,0.030241509103369014,0.3206585869273958,0.216796875,0.004725264465172093,0.004725264465172093,0.007539912219567062,0.004725264465172093,0.6598479596155158,0.6598479596155158,0.5076838173554344,0.15216414226008132,0.8418765623682917,0.9361267096475601,2.1876755266393015,1.9881590699960638,0.9087463743483439,0.01867190769136127,0.953125,0.216796875,0.1270294189453125,4.247499185032211,2.5151285340543836,0.022052276763133705,1.6793686179444194,0.030294734868220985,0.006741711986251175,0.9449817390413955,5.2047935399459675,120.54151812535714
cse,88,5569,5632,0.03998114641236879,0.0007574289130755562,0.03027938054902279,0.3206805731531099,0.107421875,0.004997643301546098,0.004997643301546098,0.006388786974415887,0.004997643301546098,0.6531441336272361,0.6531441336272361,0.5165551259842704,0.13658900764296567,0.8385489032729703,0.9295423764677535,2.1390115632528666,1.9876066329934372,0.9305060125218791,0.015453478522754279,0.984375,0.23046875,0.1230316162109375,4.3247986630303785,2.5302853039465845,0.02590183971915394,1.735023187007755,0.03290071978699416,0.005270228022709489,0.9584525609388947,5.294834587024525,118.38701403066993
cse,89,5633,5696,0.03474610030668611,0.013039174256586853,0.030931339261852132,0.3206929723257188,0.29296875,0.004343262538335764,0.004343262538335764,0.005642025581956479,0.004343262538335764,0.6640436432971285,0.6640436432971285,0.5054052244554011,0.15863841884172725,0.8349362442001866,0.9271642524353545,2.1927367077957887,1.973606516072911,0.9020587736847885,0.020244586667359895,0.984375,0.216796875,0.114837646484375,4.246845952002332,2.5125693751033396,0.022758398903533816,1.680622853920795,0.030217778170481324,0.006269500940106809,0.8201613350538537,5.078752096975222,120.56005934441743
cse,90,5697,5760,0.025487019994107053,0.0,0.030931339261852132,0.3207034059337154,0.130859375,0.0031858774992633817,0.0031858774992633817,0.0046354977253911835,0.0031858774992633817,0.6403549186258675,0.6403549186258675,0.49589106739393274,0.14446385123193478,0.8432262584810092,0.9332871039657564,2.132534076415276,1.9530113047997286,0.9167281455537002,0.01628087500683058,1.0,0.173828125,0.0967254638671875,4.403201053966768,2.5664580640150234,0.025425912346690893,1.7786537702195346,0.03197661612648517,0.006589477066881955,1.0177418779348955,5.434081278042868,116.27904193444631
cse,91,5761,5824,0.03781369115841868,0.04749426214060578,0.03330605236888242,0.3207121410548408,0.318359375,0.004726711394802335,0.004726711394802335,0.00647335998146209,0.004726711394802335,0.6723564899009655,0.6723564899009655,0.4889519269448276,0.18340456295613797,0.8200920053968075,0.9149087547574821,2.2432201826099942,2.0578528394372957,0.9181620374065571,0.018273437625941413,0.90625,0.2265625,0.126251220703125,4.276017896016128,2.532276235986501,0.024026227882131934,1.6865462540881708,0.032459863112308085,0.006822277908213437,0.8281311700120568,5.116927589988336,119.73757183687634
cse,92,5825,5888,0.03599632111821713,0.0,0.03330605236888242,0.32072249907605604,0.166015625,0.004499540139777141,0.004499540139777141,0.006771379797970476,0.004499540139777141,0.6546924410459901,0.6546924410459901,0.5080180747882567,0.1466743662577335,0.8383796332668094,0.9296127782020647,2.164107552609717,1.981772401033111,0.9163801803975595,0.01619287761029511,1.0,0.208984375,0.12290191650390625,4.34716175601352,2.5210537270177156,0.0252080230275169,1.7638708249432966,0.036353995790705085,0.004999805940315127,0.9106297080870718,5.269855901948176,117.77799602044706
cse,93,5889,5952,0.03971973656617496,4.318436701444129e-07,0.03330607396106593,0.3207353121858296,0.224609375,0.00496496707077187,0.00496496707077187,0.006792169934685769,0.00496496707077187,0.6710971795998226,0.6710971795998226,0.5135563114111612,0.15754086818866148,0.8268876632349604,0.9197132083571149,2.17374987166955,1.976889246427377,0.9105572553436815,0.018738832364108768,1.0,0.232421875,0.13714599609375,4.307916141930036,2.584372090990655,0.02233369299210608,1.670195325044915,0.03033512399997562,0.006230507977306843,0.8730805349769071,5.192896255059168,118.85096718029737
cse,94,5953,6016,0.03444975595605773,0.021169472773945184,0.034364547599763186,0.3207535871777628,0.279296875,0.0043062194945072164,0.0043062194945072164,0.0053830924977879705,0.0043062194945072164,0.6589614815718274,0.6589614815718274,0.5039483258323076,0.15501315573951974,0.8095909136207302,0.9019011527260545,2.242953487269661,2.0561953800628614,0.9172719427435538,0.01718918028212004,0.96875,0.1953125,0.10720062255859375,4.314395090914331,2.5116999830352142,0.023540874826721847,1.7445965930819511,0.03393467399291694,0.005544318002648652,0.8959094830788672,5.222537480061874,118.67248808024534
cse,95,6017,6080,0.038567843816493724,0.011948437387274476,0.034961969469126906,0.3207763077517786,0.2578125,0.0048209804770617155,0.0048209804770617155,0.0066792634800490035,0.0048209804770617155,0.6613284242716646,0.6613284242716646,0.5028167926180037,0.15851163165366083,0.8389747622880934,0.9319116736245548,2.169003556705065,1.9760603764202145,0.9119407740860608,0.018012806853871098,0.984375,0.22265625,0.1312255859375,4.426372288027778,2.637735153082758,0.023501981981098652,1.731806889991276,0.032647790969349444,0.0045339890057221055,0.8436317380983382,5.283130340045318,115.6703428188431
cse,96,6081,6144,0.029753556335000455,0.0,0.034961969469126906,0.3208077805876012,0.115234375,0.003719194541875057,0.003719194541875057,0.005315952723037981,0.003719194541875057,0.647225263498105,0.647225263498105,0.5078222149030862,0.13940304859501873,0.843911582196417,0.9369687983847759,2.155047024331952,1.9346020698891873,0.8981634937548051,0.020814074160916136,1.0,0.19140625,0.0956268310546875,4.306904890923761,2.601419390994124,0.021535371895879507,1.6538809828925878,0.02936459321063012,0.005505060078576207,0.9390039358986542,5.257780717918649,118.87887310420369
cse,97,6145,6208,0.03940641989992012,0.023854247385454268,0.03615468183839962,0.3208432689008667,0.138671875,0.004925802487490015,0.004925802487490015,0.006581278771442658,0.004925802487490015,0.6512564860467891,0.6512564860467891,0.5024409261477788,0.14881555989901024,0.8181819018246166,0.909557701985449,2.217743218076102,2.0163762853386342,0.9116963202413472,0.018373116254065982,0.96875,0.220703125,0.12359619140625,4.412485042936169,2.5741757510695606,0.026303879101760685,1.7784234579885378,0.03287275182083249,0.011589547037146986,0.9272018920164555,5.357496424927376,116.0343876563723
cse,98,6209,6272,0.043311593704044984,0.018097180640474563,0.037059540870423346,0.320874154313829,0.26171875,0.005413949213005623,0.005413949213005623,0.007200178023112951,0.005413949213005623,0.6891146698569051,0.6891146698569051,0.5113876342141692,0.17772703564273598,0.8364024106376128,0.9296979271733694,2.219332079918111,1.971610081577177,0.8914525383239561,0.021418002563140387,0.96875,0.21484375,0.1195526123046875,4.321643022936769,2.5766371700447053,0.02350994700100273,1.690555960056372,0.03024728794116527,0.0064702259842306376,0.8397118749562651,5.173418150050566,118.47345958067375
cse,99,6273,6336,0.03601214935962034,5.65138284360114e-07,0.037059569127337565,0.3209092672039832,0.134765625,0.004501518669952543,0.004501518669952543,0.0063976428243266905,0.004501518669952543,0.6669285131413423,0.6669285131413423,0.5106838560488921,0.1562446570924501,0.8617925268188377,0.9525087238124909,2.1276848645741078,1.9509080205970075,0.9186413810115907,0.01762911158755879,1.0,0.201171875,0.1103668212890625,4.350600372068584,2.586162814986892,0.023150260094553232,1.711053772130981,0.029555242275819182,0.007032822002656758,0.9271816229447722,5.290328755043447,117.68490695838351
cse,100,6337,6400,0.0327408684552425,0.00019627338923028153,0.037069382796799076,0.3209462471537433,0.15625,0.004092608556905313,0.004092608556905313,0.005902004429673765,0.004092608556905313,0.6642989237317465,0.6642989237317465,0.5175590428078568,0.14673988092388962,0.8312507423896952,0.9230080539320602,2.195355844404788,2.003415894442167,0.9139231968722313,0.01779269174240144,0.984375,0.1875,0.10353851318359375,4.344528867048211,2.5915579500142485,0.02292169106658548,1.698688199161552,0.03071359102614224,0.005598608986474574,0.9096869770437479,5.26524823193904,117.84937231821559
